id	text
3000	ভাই আপনিও পারেন
3001	বিএনপি পাগলাগুলারে থামায়না কেনো
3002	সত্যিই সে আওমী ছাওয়াল
3003	ভারতের দালাল
3004	গলাবাজ সুবিধাবাদী নেত্রী
3005	আর যাই হোক, আমি এবং আমার পরিবারের কেউই বিএনপি কে ভোট দিবো না
3006	রুমিন পল্টিবাজ,, বেশ্যার চেয়ে কম না
3007	যে হাসিনা পালিয়ে গিয়ে বেচে গিয়েছে, তার জন্য ফজলু পাগলা, রুহি ফারহানাএত দরদ কেন।  তোর এত জ্বলে কেন? জবাব দে, জবাব দে ফারহানা।  তুই তো তসলিমা নাসরিনের মতো হয়ে গেছ ত।  দুই সাপের একই বিয,নৌকা আর ধানের শীষ।   হাসিনার সাথে  ইন্ডিয়া চলে গেলে  পারতো।
3008	বেস্সারা বেস্সা থাকে বেস্সারা কখনো ভালো হয় না
3009	অহ, ভালো ব্যক্তিটাও নষ্টামি শুরু করছে রুমিন
3010	দালাল দালাল দালাল দালাল দালাল দালাল দালাল দালাল দালাল দালাল দালাল দালাল দালাল দালাল দালাল  খাস দালাল।
3011	বাঙালি সাংবাদিকগুলো দলভুক্ত হোক,ভালো হোক বা খারাপ হোক প্রতি স্মার্টনেস বজায় রাখে।ভারতের সাংবাদিক গুলো চুরের মত ভাব নেয়।
3012	ফজলুরে একটু আইকাঅলা বাশ দিতে হবে
3013	পুরাই জয় বাংলা হয়ে গেছে।
3014	দাদা আমার মনে হয় সিউর আপনি পাকিস্তানের এজেন্ট !!  ইতিহাসের দায় মুচন বলতে কি বুজান??  পাকিস্তান থেকে স্বাধীন হওয়ার দায় মুচন ??  আপনিও ছাড় পাবেন না।  ব্রেন ওয়াশ আর কতদিন চলবে....!!
3015	ভুয়া ওষুধ বিক্রি করে অসংখ্য শিশু হত্যা করে দেশ থেকে পালিয়ে গেছেন এখন ফ্রান্স বসে শয়তানি করেন।
3016	সুন্দর করে বাশ দেওয়ার জন্য ধন্যবাদ দাদাকে
3017	ছবি টাকা অসাধারণ ছিলো
3018	ধন্যবাদ দাদা 
3019	ইনকিলাব জঙ্গিবাদ
3020	শামীম উসমানের বউ
3021	এবারের ব্যাখ্যা অসম্ভব সুন্দর ছিল
3022	এই মহিলার বিন্দু মাত্র সরম লজ্জা কিছু নেই। ধন্যবাদ দাদা সত্য কথা গুলো তুলে ধরার জন্য
3023	দাদা ছোট ভাই হিসাবে আপনার কাছে একটা অনুরোধ আপনি কারো ব‍্যক্তিগত মতামত কে দলীয় সিদ্ধান্ত বলে প্রচার করবেন না। যদি সেটা বেগম খালেদা জিয়া, জনাব তারেক রহমান অথবা মীর্জা ফখরুল ইসলাম আলমগীর সাহেবের মুখ থেকে যদি আসে তাহলে সেটাকে আপনি দলীয় সিদ্ধান্ত ফলে বিবেচনা করতে পারেন। অন‍্য কারে কোনো কথাকে আপনি দলীয় সিদ্ধান্ত বলে প্রচার করবেন না। এটা আপনাকে উপদেশ  না  ছোট ভাই হিসাবে আপনার কাছে আমার অনুরোধ। বেয়াদবি মাপ করবেন।।
3024	একে দৌলতদিয়ার দ্বায়িত্ব দেয়া হোক।
3025	নির্বাচন যত দেরিতে হবে তত বিএনপির নেতা কর্মীরা মানুষের মন থেকে উঠে যাবে।
3026	তার তো অনেক জায়গায় ব্যথা কোন কোন জায়গার কথা বলবে সে……
3027	তুই এতো বড় মানুষ হলে দেশে আসিস না কেন। তুই একটা জজ্ঞি
3028	এক কথায় অসাধারণ হয়ে খবর দাদা
3029	সমীর ফারানা উচিত বাংলাদেশের সরকার নিয়ে ভারতের কাছে পাচার করে দিচ্ছে তুমি মিথ্যা সংবাদ প্রচারণা করছে এই অপরাধের কাহিনী হতানো উচিত এবং বিএনপিতে তাকে বহিষ্কার করা উচিত কারণ বিএনপি দলকে তারা দুজনে ডুবাতে ব্যস্ত
3030	রুমিন ফারহানা আওয়ামী মা গী ছিল সেটা আমরা আগে থেকেও জানি
3031	এবারের ব্যাখ্যা অসম্ভব সুন্দর ছিল
3032	দাদা ঐ মাগীরে ভরে দিয়েছে
3033	দাদা সেই মজা পাইছি
3034	এই আপাকে হিজড়া বললে ভুল হবে আমার
3035	আঁতেল বেডি  নিসন্দেহে  ইন্ডিয়ার  দালাল
3036	রুমিন ফারহানা আওয়ামী ১ নাম্বার দালাল
3037	এই রুমিন ফারহানা ছাত্র ছাত্রীর আন্দোলন এ মাঠে ছিলো আর তুমি শুরুর দিকে ছিলে বিপরীত দিকে 
3038	এই মাল দাও তো তাহাজ্জুদের সময় মাল খায় তা কি বলবে ও ভুলভাল ছাড়া
3039	সবথেকে সুন্দর ভিডিও ওইটা হয়েছে
3040	আরেকটি বিষয় রুমিন ফারহানা হিন্দু মহাজোটের সভায় কি করে।
3041	আমি মনে করি জনাব তারেক রহমান। এই ভিডিও দেখার পরে, (মোনাফিক) রুমিন ফারহানকে বিএনপি থেকে বের করে দেবে।
3042	ভারতের দালাল   এর এজেন্ট রুমিন ফারহানাকে অতি দ্রুত গ্রেফতার করা হোক।
3043	কি বলবো দাদা? কে কোন মুখোশ পড়ে আছে বোঝার উপায় নাই এই ভন্ডকে দেখে আগে মনে করতাম, এই হয়তোবা আইনজীবী আমাদের উপকারে আসবে কিন্তু এখন তো দেখছি আওয়ামী লীগের দালাল হয়ে গেছে। মানুষ চেনায় বড় মুশকিল দাদা
3044	বাসটা একদম ঠিক মতন দিয়েছে
3045	শরম লজ্জাহীন এক পার্টিতে রূপ নিচ্ছে বিএনপি 
3046	রুমিন ফারহানা গোপনে আওয়ামী দোসর ছিলো।
3047	রুমিন ফারহানাকে বিএনপি থেকে বহিস্কার করা হোক।
3048	৩২ ভাঙ্গার দায়ে একদিন পিনাকি কে ফাসির কাটগড়ায় দাড় করাতে হবে
3049	বিএনপির প্রতেকটা এভাবে ছুলে দিতে হবে।
3050	দাদা যা দিলেন না সামলানো দায় সব উন্মোচন করে দিলেন। ইনকিলাব জিন্দাবাদ।
3051	দাদা দিলেন বরে
3052	ধন্যবাদ পিনাকী দাদা সত্যগুলো প্রকাশ করার জন্য।
3053	মুড নষ্ট করার জন্য রুমিনের মুখ দর্শন যথেষ্ট
3054	খুব সুন্দর বলেছেন দাদা
3055	দাদা আপনি রুমিন ফারহানার আটু খেলাই দিতে পারবেনি মাগির ভোদায় কিনতু অনেক গন্দ তাই তারে কেউ চোদেনা
3056	নেশা করে ভিডিও বানান নাকি?
3057	বান্ধবী ললিতা গানটি রুমিন ফারহানার জন্য 100% প্রযোজ্য
3058	পৃথিবীর ইতিহাসে সবচেয়ে ফালতু মহিলা। 
3059	এ মহিলার মত ফালতু আর থার্ডক্লাস আর একটাও নাই
3060	সহমত। আওয়ামিলীগের দালাল।
3061	দাদার থুঃখু শব্দ টা আমার ছোট কালের,কোনোকিছু ভুল হলেই বলতাম
3062	খুব সুন্দর হয়েছে  দাদা
3063	আমার অনেক আগেই সন্দেহ ছিলো  যে এই রুমিন একটা আওয়ামী দালাল
3064	বেশিরভাগ  ঠকবাজ আর মিথ্যা বাদিরাই এখন রাজনীতি করে।যাদের জবানের কোন দাম নাই।জনগণকে শুধুমাত্র ক্ষমতায় যাওয়ার জন্য পন্য সামগ্রী বানায়।
3065	শেখ রুমিন ফারহানা কুমারী
3066	বিএনপি এখন ভারতীয় ডিমে তা দিয়ে দেশে আবারও আওয়ামী লীগের মত সন্ত্রাসী সরকার গঠন করতে চায়
3067	পিনাকী আঙ্কেল জিন্দাবাদ ইনকিলাব জিন্দাবাদ দেশদ্রোহী রুমিন ও ফজলুরা হাসিনামারা খাক
3068	দাদা আপনাকে অসংখ্য ধন্যবাদ
3069	রুমিনের বিচিত্র চরিত্র। এক এক সময় এক এক কথা বলে। এত পুরাই মোনাফেকের চরিত্র। কথায় কথা আছে না যে "ও আসলে কার" ?
3070	সেই সাদ ভাই সুপার
3071	সেরকম হইছে
3072	দাদা এখন আমাদের আর উপায় নাই।বিএনপি'র অত্যাচারের কোন শেষ সিমানা নাই। যেভাবে চাঁদাবাজি আর দখলের রাজত্ব কায়েম করেছে তাতে দেশবাসী অতিস্ট।  তাই দাদা আপনাকে অনুরোধ আপনি একটু জামাতের পক্ষে কথা বলেন। প্লিজ প্লিজ প্লিজ।
3073	এভাবে ভরে দিলেন যে সে বের ও করতেও পারবেনা
3074	রুমনের মগজ গররে পরিণত হয়েছে। আর বর্তমান সময়ে যে, চোখে কাজল দিয়ে সাজ সেজে আসে, তাকে দেখতে একদম ভূতের মত লাগে...
3075	পীর পিনাকির জয় হোক
3076	পিনাকি দা আপনাকে ধন্যবাদ;  রুমিন ফারহানা কে নয়া  সাজে সাজানোর জন্য এবার মনে হয় বিয়েটা হয়ে যাবে নতুন সাজের কারণে
3077	রুমিনরে সবাই ধরে চুদে দেন না হলে বিয়ে করাই দেন
3078	এদের মুখোশ আরো খুলতে হবে
3079	বিএনপির এই পলিসি ভুল।আম্লিগের ভোট পাবে না আর নিজের কর্মীরাও তাকে ভোট দিবে না
3080	ওর মাথায় গ্যাস্টিক উঠছে ওরে বিয়ে দিতে হবে
3081	রুমিন আর ফজু দুই পাগল।দাদা আপনি বলাতে অনেক কিছু হয় কিন্তু আপনার একশ একশ ভাগের এক ভাগ কাজ করার ক্ষমতা রুমিনের নাই।
3082	হেডা
3083	বল্টু  ফারহানা 
3084	বিদেশি চ্যানেলে গিয়ে রুমিন ফারহানার দেশের বিষয়ে এরকম মন্তব্যকে ধিক্কার জানাই।
3085	তোর কুন কুন জায়গায় ব্যথা গো বান্ধবী ললীতা
3086	ইনকিলাব জিন্দাবাদ
3087	থাম্বেল এর ছবিটা সুন্দর হয়েছে দাদা
3088	তারে শামীম উসমানের সাথে বিয়ে দেওয়া হোক। তানাহলে তাকে দেখে রাজনীতিবীদরা যৌনহয়রানী হবে।
3089	এই মহিলা চরম লেভেলের বেয়াদব
3090	রুমিন ফারহানার বহিষ্কার চাই
3091	পিনাকী দা সব সময় সময়োপযোগী রিপোর্ট তুলে ধরেন , তাই অনেক নামধারী  ভালো মানুষের কাপড়ের নিচের  লেজ বাহির হয়ে যায়। এটাই পিনাকী দা 'র সফলতা ।
3092	ওর বিয়া দিয়া দেন
3093	সরকারের বিরুদ্ধে মিথ্যা ছড়ানোর অভিযোগে এই মহিলার বিরুদ্ধে রাষ্ট্রদোহী মামলা হওয়া উচিত।
3094	পোংগায় বাশঁ দিয়ে দিলো, দাদা 
3095	ধন্যবাদ দাদা
3096	ছবিটা দারুণ হইছে
3097	বিএনপির মমতাজ
3098	আওয়ামিলীগ চুরি করছে আমারা মেনে নিলাম বি এম পি জাতীয় পাঠি জামাত আল্লার অলি নাকি ২০২৪ সালে সুইজ ব্যাংকের খবর নিয়ে দেখছেন আমাদের দেশের কত টাকা চুরি করে রাকছে আল্লাহ বলছেন জান মাল রক্ষা করা আপনার ঠিক আগের সরকার য়ে পতে হাটছে আপনার সেই পতে  আর কি বলবয়
3099	দাঁদা উনাকে কালা মানিকের(বিচি মানিক) বিছায় ছাইরা দেন
3100	রুমিন ফারহানা=রুমে নিয়ে ফাইরালা
3101	তদন্ত করলে সব বাহির হবে বিএনপির সবাই গ্রেফতার হলে এই মহিলা গ্রেফতার হয়নি এখন কথাবার্তায় সন্দেহ আাছে রুমন ফারহানা একজন আওয়ামী লীগের ভিতরের লোক
3102	রাইট
3103	ওরে ভাই আমি তো হাসতে হাসতে শেষ
3104	বগুড়ার কড়া মাল দাদা️
3105	 আর র এর গুপ্তচর
3106	রুমিন বেয়াদবের মত ইউনূস ইউনূস করতেছে কেন। রুমিনের গোয়ায় বেশি চর্বি জমে গেছে নাকি?
3107	রুমিন একটা আস্তা খাটাস
3108	এই শেখ রুমিন ফারহানার কারনে বিএনপি ক্ষতি গ্রস্ত হচ্ছে আমি মনে করি বিএনপি থেকে শেখ রুমিন ফারহানাকে বহিষ্কার করা হোক
3109	ডঃ মুহম্মদ ইউনুস স্যারকে যারা জানেন তারা তার সম্পর্কে বলতে গেলে সম্মানসূচক সম্বোধন করে কথা বলেন। কিন্তু রুমিন তাঁকে শুধু ইউনুস ইউনুস বলে সম্বোধন করছে। বেয়াদব একটা। আরে উনি তো থেকে বয়সেও অনেক বড়, যোগ্যতার বিষয় তো ধরাছোঁয়ার বাহিরে।
3110	রুমিন একটি চাটুকার
3111	আমি আগে থেকে জানি ও ভারতীয় র এর এজেন্ট
3112	রবিন যদি দাঁত না মেজে টকশোতে আসে তাহলে আমি তার সাথে টকশো করবো না।
3113	দাদা গান টা কিন্তু ভালো
3114	তুইতো মতিউর রহমান নিজামী দেলোয়ার হোসেন সাঈদী আলি আহসান মুজাহিদী এবং কাদের মোল্লা সহ সবার ফাঁসির জন্য দিনের কে দিন স্লোগান দিয়েছিস
3115	রবিন ফারহানকে আগে ভালো জানতাম এখন দেখি সে বহুমুখী
3116	বিএনপি বয়কট।নির্বাচন এদের হোগায় ভরে দিতে হবে।
3117	আই লাভ পিনাকী দাদা।
3118	এত পয়সা কি করবে? বিশ্রী দাতঁ গুলো ঠিক করায়না কেন? মেয়ে মানুষের বাচনভঙ্গি অসুন্দর হলে কথা শুনতে ইচ্ছে করে না 
3119	ধুর বেটা ভন্ড
3120	দাদার এক একটা কথা কোনো রাজনীতিবিদের ওজন করা ক্ষমতা নেই। দাদা সঠিক সময়ে বাস  ধোলাই করছেন।
3121	ধুর ভালো লাগছে না দাদা, এইসব ইন্ডিয়ান দালাল, দেশের শত্রুদের সামনে না এনে ডাইরেক্ট ক্রসফায় দেওয়া উচিৎ।
3122	রুমিন হাসিনা
3123	দাদা ছ‌বিটার নি‌চে ক‌্যাপশনটা হওয়া উচিৎ‌ছি‌লো শেখ রু‌মিন ফারহানা ওয়া‌জেদ। মোদী, অ‌মিতশাহ আর জয়শংকরদের মোট ছয়টা ডি‌মের যে কোন দুইটা যেন ও‌রে দেয় রু‌মিন সেই বিষ‌য়ে কাতর আবেদন জানাইছে এই বিষয়টাও আরও প‌রিস্কারভা‌বে ব‌্যাখ‌্যার প্রয়োজন ছি‌লো। ইন‌কিলাব জিন্দাবাদ।
3124	কি দো মুখো সাপ এই রুমিন ফারহানা ছিঃ ছিঃ  ছিঃ 
3125	একপেশে কথাবার্তা
3126	বাজেট হল চলতি দায়িত্ব
3127	গোপন কথা এই ভাবে বললেন দাদা
3128	পিনাকি সার,এন সি পি,দলকে আামার সন্দেহ হয়,ওরা আওয়ামী লীগের শাখা,উপশাখা নয় তো?আপনি একটু বুঝিয়ে বলবেন,
3129	হিতি নষ্ট বেডি
3130	স্যালুট দাদা ভাই
3131	পিনাকী ইলিয়াস এদের কোন দল নাই এরা দেশ প্রেমিকের দলে
3132	রুমিন ফারহানা আওয়ামীলীগ আমলে কেমন করে সংসদে ছিলেন,এটা আপনিও জানেন দাদা।জুলাইয়ে তার ভূমিকা সম্পর্কও জানেন।সে সব সময় টক শো করে।তার দুই একটি কথা এমন ভাবে কেটে আপনি উপস্থাপন করেছেন,আপনার টা ধরলে আপনিও একাধারে আওয়ামীলীগ,বিএনপি এবং জামাআতের দালাল হয়ে যাবেন।কিছু বট ও গাধা বাহিনী আছে,তারা সব সময় আপনায় কমেন্ট করে যাচ্ছে। সুতরাং এমন প্রচারণা করে কোন লাভ নেই।
3133	রুমিন এর মাল মাথায় উঠে থাকে সব সময়।তাই আমাদের জনতা কে মাল খসানোর দায়িক্ত নিতে হবে
3134	জাওরা সীল দিয়ে দেও
3135	হেডাম থাকলে দেশে আসেন। আপনার জন্য আমি একাই যথেষ্ট। কারণ আপনিও হিন্দু আর আমিও হিন্দু। আপনার জন্য এই দেশের হিন্দুরা এক সময় নির্যাতনের শিকার হবে।
3136	আমাদের ধর্ষক দলের প্রতি দৃষ্টি আকর্ষণ করছি, এই মালটার দিকে একটু সদয় দৃষ্টি দেওয়া যায়না। এই রুমিন এখন ভারতীয় মালের দিকে দৃষ্টি দিয়েছে। এটা আমাদের জন্য খুবই অপমানজনক।ধর্ষক দলের কেউই কি রুমিনকে একটু পরিপূর্ণ তৃপ্তি দিতে পারে না!
3137	একটা বাজে লোক। এই হলো হিন্দু ব্রাহ্মণ
3138	রুমিন ফাফহানা
3139	আর চেচিয়ে লাভ নেই দাদাভাই। দেশের সবাই জেনে গেছে আপনার তিন ইঞ্চি। একজন হিন্দু ব্রাহ্মণ যে কতটা খারাপ হতে পারে, আপনি হলো তার বড় উদাহরণ। আরে এই দেশের পাতা চাটা মুমিনদের কথা আর কি বলবো।
3140	অাপনি অর্ডার দেন রুমিনের ধুতি খুলে ছেরে দেব রাস্তায়
3141	দাদা আপনি এক খান জিনিস
3142	ভোট দেব না নিকৃষ্ট একটা দেশ
3143	মুজিবের মুভির চরিত্রে আরফিন শুভকে বাদ দিয়ে রুমিন ভাইকে দিলে কেমন হয়
3144	ওয়াও! রুমিন সাপের গালে চুমা দেয় ব্যাঙ এর গালেও চুমা দেয় প্রমানিত হয়েই গেল।
3145	দাদাই পারে সেই রকমের কল্পনাশক্তি 
3146	পিনাকির কথা  সেই
3147	বিয়ে হলে ঠিক হয়ে যাবে
3148	পুরাই এন্টারটেইনমেন্ট 
3149	সেই হইছে....
3150	হেতির নিচ তলাতে কেউ একটা সিল মারেন।
3151	ওনার নিচতলার দরজায় হাজারো সিল মারা আছে।
3152	ইনকিলাব জিন্দাবাদ 
3153	ফালতু মহিলা
3154	মাইর হবে আওয়াজ হবে না দাদা,,,, ইনকিলাব জিন্দাবাদ
3155	স্যালুট দাদা
3156	সব চেয়ে ভাল লেগেছে “সবাইকে দেখছি কিন্তু কাউকেই দেখছি না” এর বিষয়টা। আমি এটা মনে রাখার চেষ্টা করবো দাদু।
3157	এই মাগীর মুখে এককথা পুঁটকিতে আরেক কথা,,,
3158	তুই পিনাকী ভট্টাচার্য দেশকে ধ্বংস করছিস,, আর মূর্খ বাঙ্গোরাও তর পথকে অনুসরণ করছে
3159	দাদা রুমির ছবিটি সেই।। 
3160	পিনাকী স্যারের সাথে একমত পুশন করছি আমি
3161	দাদা রুমা আপা রে কি ঢলা টা দিলেন
3162	ভালো একটা পাত্র খুঁজে রুমি  আন্টিকে বিয়ে করে দিলেই রুমির সংসার নিয়ে ব‍্যস্ত থাকবে তাহলে আবল তাবল বলা থেকে বিরত থাকবে।  পাত্র চাই 
3163	এই মাগীর মুখে এককথা পুঁটকিতে আরেক কথা,,,
3164	হাজার লক্ষ কোটি স্যালুট, আমার প্রাণপ্রিয় পিনাকী দাদাকে      
3165	ওরে বাটপার মব জাস্টিজ এর দোহাই দিয়ে পুলিশ বা উপদেষ্টা থেকে শুরু করে যে কোন মীর জাফর উপদেষ্টা পরিষদের সদস্য আওয়ামী লীগের আদর্শ আর দুর্নীতিবাজ নমরুধ নেতাদের সিন্ডিকেট সদস্য কে জামিনে মুক্তির চেষ্টা করে তাহলে বাংলাদেশের ভারতীয়দূর্নীতি বাজসিন্ডিকেট নিমুল করা উচিত ছিল তাহলে বাংলাদেশের দূর্নীতি বাজদের আইনের আওতায় আনা সম্ভব হবে না তো কি
3166	রুমিন ফারহানা বাংলাদেশের জন্য ক্যান্সার।
3167	এই মহিলার চুলকানি সবথেকে বেশি। আওয়ামীলীগ  চলে গেছে তাই ওর চুলকানি কেই মেটাচ্ছে না এর জন্য আরো বেশি লাফালাফি করতেছে
3168	এডিটর সাহেব নতুন মজিব তৈরি করছে
3169	ধন্যবাদ পিনাকী দা,, রুমির কারনে তারেক দেশে আসতে পারবে না,,ফেল করবে
3170	আরও আগে এই ছিনালকে বাশ দেওয়া উচিত ছিলও
3171	বর্তমান এ বিএনপির সামনের সারির গুলো আওয়ামীলীগ এর সহযোগী ছিল। রুমিন,ফজলু, আলমগীর, আরো ...
3172	ধন্যবাদ পিনাকী দাদাকে  এই ভাবে রুমিন ফারহানার আসল চরিত্র জাতীর সামনে ফাঁস করে দেওয়ার জন্য 
3173	দা বরাবরই সেরা  কি দরকার মা*গি**রে এসব বলা
3174	উনি হচ্ছে এলিট শ্রেণীর দেহ ব্যবসায়ী।
3175	ফেরাউনের দেহরক্ষী রুমিন ফারহানা
3176	দাদা আপনাকে স্যালুট জানাই। সত্য কথা তুলে ধরার জন্য....
3177	মিথ্যা ই রুমিনের উপজিব্য। এই নোংরা মহিলাকে বি এন পি থেকে বহিষ্কার করার জন্য জোব আবেদন জানাচ্ছি।
3178	দেরিতে হলেও শেখ রুমিন ফারহানাকে নিয়ে চমৎকার এপিসোড করার জন্য দাদাকে অনেক অনেক ধন্যবাদ!
3179	রুমিন আওয়ামী ফ্যাসিস্টদের বাস্টার্ড
3180	ইনকিলাব জিন্দাবাদ
3181	গত ১৬বছরে শুধু রুমিন কেনো হাজার হাজার বিএনপি, জামায়াত এর প্রথম শ্রেনীর প্রায় সকল নেতাই আওয়ামীলীগ এর সকল সুযোগ সুবিধা করেছেন এটা নতুন কি
3182	দাদু আপনি ঠিক বলেছেন
3183	সব সময় সত্যবলা উচিত।
3184	রুমিন  বাংলাদেশের ভাবমুর্তি নষ্ট করছে।
3185	রাইট
3186	শেখ রুমিন ফারহানা 
3187	বিগত দিন বছরগুলোতে বললেন না কেন? কয়দিন পর আবার আরেকজনকে বলবেন। আপনি এরকম সবার ভিডিও পারলে সিরিয়ালে প্রকাশ করুন। তাইলে বুঝবো আপনি ঠিক। অন্যথায় স্বার্থে আঘাত পরলে ভিডিও করেন বুঝবে সবাই
3188	রুমিন এখন থেকে কথা বললে অনেক হিসেব করে কথা বলবে।
3189	পিনাকি দ্যা গ্রেড
3190	আওয়ামীলীগ এর মমতাজ আপা কেও হার মানাইছে।
3191	এই মহিলা র এর এজেন্ট
3192	টিক
3193	দেশদ্রোহীদের মুখোশ উন্মোচন করার জন্য ধন্যবাদ দাদা
3194	পিনাকী দাদা কে অসংখ্য ধন্যবাদ।
3195	ছবি টা দারুন হইছে
3196	অরিজিন আওয়ামি চাও
3197	বঙ্গবন্ধু শেখ রুমিন ফারহানা নিজের গোয়া নিজেই মারা 
3198	দাদা আগুন
3199	দাদা দেখেন রুমিন ফারহান কে কারো সাথে বিয়ে দেওয়া জায়নাকি
3200	ইনকিলাব জিন্দাবাদ
3201	পিনাকি ধন্যবাদ
3202	ডঃ ইউনুস সাহেব মনে হয় রুমিন ফারহানার মায়ের ভাতার লাগে এজন্য একটা সম্মানি বৃদ্ধ মানুষকে শুধু মাত্র ইউনূস ইউনূস করে ডাকে। বেয়াদব মহিলা
3203	বংঙবদু মরে নাই
3204	দাদা ইলিয়াস ভাইকে একটু রুমিন ফারহানা লিংক দিতে বলেন
3205	শেখ রুমিন হসিনা। ধন্যবাদ দাদা এই শয়তান কাল নাগিনের মুখোশ উন্মোচন করার জন্য
3206	সঠিক বলর জন্য দাদা
3207	দাদা বিএনপি ক্ষমতার মহে পাগল হয়ে গেছে, এরা ক্ষমতার জন্য আওয়ামী লীগের থেকেও খারাপ অবস্থায় যেতে রাজি? ওরা মনে করছে আমরা ক্ষমতায় চলে গেছে এবার নির্বাচন আসুক দেখায় দেবে মানুষ ওদেরকে?
3208	স্যার আমিও উকিল।এই পেশায় কি থাকা উচিত?আপনার মূল্যবান মতামত চাই।
3209	রুমিন ফারহানা ফালতু একটা মহিলা
3210	এই রুমিন টাকার বিনিময়ে আওয়ামী লীগকে  পালাতে সহোযোগিতায় করেছে।
3211	আগে রুমিনকে পছন্দ করতাম এখন শুধু ঘৃনা করি
3212	রুমিন দালাল
3213	দাদা ঠিকই বলেছেন। ধন‍্যবাদ আপনাকে।
3214	৯০% মানুষ ডক্টর ইউনুস কে চায়।।।
3215	ফেসবুকে ইলিয়াসঃ রুমিন আপাকে আগেই বলছিলাম ভালো হয়ে যান। উনি আমার কথা না শুনে রাখলেন ভুট্টো সাহেবের কথা। যা হবার তাই, পিনাকী দাদা আজকে জয় বাংলা করে দিয়েছে।
3216	ডা. পিনাকী এইবার টার্গেট করছে রুমিনকে। পিনাকীতো যাকে ধরে একদম ছাই দিয়া ধরে। তার রাজনীতি এহাবারে শেষষষ। দেখা যাক আল্লাহ্ কী নির্ধারণ করে রেখেছেন।
3217	এই ভারতীয় অপশক্তি মহিলার বিরুদ্ধে পদক্ষেপ গ্রহণ করা উচিত
3218	আমি তো নিজেই দেবো না বিএনপির ঘরের মানুষ হয়ে ও ঘৃণা হয়
3219	ইনকিলাব জিন্দাবাদ 
3220	জয় বাংলা দাদা
3221	ভাই আপনার কথা ভালো লাগে আমি 
3222	রুমিনকে উচিত জবাব দিয়ে দিলো পিনাকী দাদা।।।
3223	ইনকিলাব জিন্দাবাদ
3224	ওই তো একটা মাগী
3225	পিনাকী দা কে অসংখ্য ধন্যবাদ। রুমিনের মতো চাটুকার কে জায়গা মতো ডোজ দেওয়ার জন্য
3226	বিএনপি নেতারা সব প্রতিবন্ধী এদের ভাতা দেয়া উচিত ইউনুস সরকার কে আমি এক মত আপনার সাথে ধন্যবাদ পিনাকী দাদা
3227	শান্তির মেয়েকে মুলাদে
3228	ধন্যবাদ দাদা এগিয়ে যান সত্যি র সাথে
3229	ওই শয়তান ভারতীয় মিডিয়াতে কথা বলছে কেন?
3230	৩২ নাম্বার ভাংগা বিশাল রকমের মববাজী.... রুমি ফারহানা।  বিয়াসাদী না কইরা,  বেডাগো সাথে রাজনীতি নিয়া, ক্যাচাল করা---- বিভৎস রকমের "মা*গীবাজি"!! 
3231	শেখ রুমিন ফারহানা মুজিব
3232	অসাধারণ হইছে ভাই
3233	দাদা মানেই আগুন ️‍
3234	পিনাকী দাদা জিন্দাবাদ।
3235	দেশটারে খাইয়া দিলি
3236	পিনাকী কি পিনিক ধরাইলি
3237	বিএনপির একটা কাট্টা.....
3238	তর সাহস থাকলে দেশে আই তরে জয় জামাত কইরা দিই
3239	মোবিল লাগানো ছাড়াই হো মারার ঠেলায়, মীর জাফর আলুগীর, চাঁন্দা আব্বাইস্যা, চদু চেহারার দুদু, খসরু মাহমুদ চ্যেঁও প্রমুখ আন্ডা খাওয়া ছাড়াই ঠান্ডা মাইরা গেছে; সেখানে কমিন পায়খানা কোথায়কার কয় পয়সার
3240	তা দাদা আপনি দেশে আসেন না কেন। আপনার সাথে একটা সেলফি তুলবো।
3241	দাদা  হেতিরে মনে কয় ঝারু পিটা করি  হেতি আসলে একট খাংকি  কুতি
3242	বিখ্যাত ও জনপ্রিয় প্রবাদ, "ধান চিনে পাতায়; মানুষ চিনে কথায়।"
3243	ভাই হাসতে হাসতে পেট ব্যাথা হয়ে গেছে
3244	১৫ বছর ওর গর্তে পানি ঢালার লোক ছিল, বর্তমানে নাই তো এজন্যই আবোল তাবোল বলতেছে
3245	রুমিন আওয়ামী দোসর।এ আওয়ামী থেকে সুবিধা নেয়া দালাল।
3246	নর্তকী
3247	বাল ছীরু
3248	 কি তোর বাবার ছিল রে,,? এইটা দেশের,,সম্পদ,, ছিলো
3249	দাদা অসাধারন বলছেন
3250	বি,এন,পি একটি  ব্যক্তিগত দল। ক্ষমতার লোভ,লালসায় বর্তমানে  বি,এন,পি ইন্ডিয়ান  মদদপুষ্ট  একটি দল।ইন্ডিয়ান  সর্বোচ্চ  পর্যায়ের বক্তব্য, মন্তব্য  এবং  বি,এন,পি কথা, মন্তব্য, বক্তব্য  একদম মিল।দেশের  স্বার্থের বিরুদ্ধে  এবং  জনগণের বিরুদ্ধে  বি,এন,পির অবস্থান।এ পর্যায়ে  আমরা  সাধারণ  নাগরিক রা কি ভূমিকা  পালন করতে পারি???  আমরা  যা করতে পারি  তা হল বি,এন,পি কে বয়কট  করা।তাই দেশের স্বার্থে জনগণের প্রতি আবেদন, অনুরোধ  আওয়াজ  তুলুন  বয়কট  বি, এন,পি।বয়কট  বি,এন,পি।
3251	জেইভাবে রুমিন ভারতের কোলে উইঠা চুম্মা খাইতেছে পুরাই ভারতের  দালাল
3252	বিএনপি দলটা কাদেরকে নিয়ে সাজাইচে বুঝিনা এখন বুঝছি,বেশি বেশি করে টকশোতে নিয়ে আসবেন তাহলে আরো বুঝবো আমরা কে কোন গেটের মাঝি
3253	রুমিন ফারানা বারো মাতারী মহিলা।
3254	মুজিব ফারহানা
3255	ও তো ব্রাহ্মণবাড়িয়া বানানই জানে না ওরে ব্রাহ্মণবাড়িয়ার মানুষ ভোট দিবে কেনো??
3256	আচ্ছা যেখানে যে সাউন্ড টা  বন্ধ করে দেওয়া হয় সেখানে কি মাগীবাজি শব্দটা উচ্চারিত হয়েছে
3257	আমাদের দেশের অভ্যন্তরীণ সব কিছু ইন্ডিয়াকে বলে কেন ওই মূর্খ?
3258	রুমিন যে দলের রাজনীতি করে সেই দল কোন সংবিধান অনুযায়ী গঠিত?
3259	রুমিন ফাফহানা!!!!! 
3260	অনেক দিন শামীম ভাইকে পায়নি তো তাই ক্যারা আর শরীরে নাই মাথায় চড়ে বসছে।
3261	বিএনপির সবাই একই অবস্থা,  সবাই চাঁদাবাজির ভাগ পায় 
3262	ছি রুমিন
3263	বাংলাদেশের যে সাম্প্রদায়িক দাংগা, মানুষে মানুষে যে রক্তারক্তি এর একমাত্র কারন, এই জোনাকি,  আর ইলিয়াস। এই দুইটাই বিদেশে বসে ভিউ বাড়ানোর জন্য আজে বাজে বকে আর বোকা বাংগালী বাহবা দেয়। এই দুইটা দেশে আসে না কেন? এতো বড় দেশপ্রেমিক তা!
3264	ভাইরে ভাই একবারে গোড়ায় হাত দিয়ে দিছেন।
3265	উনি কি ভোটে পাশ করেছিলো?
3266	লাভইউ দাদা
3267	দাদা ধন্যবাদ
3268	এই মহিলা কে দেশদ্রোহিতার জন্য শাস্তি দেয়া হোক। এ অন্য একটা দেশের টিভিতে দেশের ভুল ইনফরমেশন দিচ্ছে। দালাল
3269	কোন নির্বাচন হবেনা।  আগে বিএনপিকে হঠাও, তারপরে নির্বাচন।
3270	শেখ হাসিনা যেমন বাবা দাদার নাম ডুবিয়ে ছিল রুমিন ফারহানা ও বাবার দাদার নাম ডুবিয়ে ফেলবে
3271	৫:২১ এরা কি দিন রাত ধান্দায় থাকে, ঘুমায় কখন এরা?
3272	দাদা নির্বাচন আরও ৫ বছর পরে না হলে দেশে ভয়াবহ অবস্থার সৃষ্টি হবে
3273	দাদা নির্বাচন আরও ৫ বছর পরে না হলে দেশের দেশে ভয়াবহ অবস্থার সৃষ্টি হবে
3274	ভাই পিনাকী আপনি ঠিক বলেছেন, রুমিন এই নির্বাচনে জিততে পারবে না। যখন ভোট হয়নি (আমলীগের) আমলে তখন সে জিতেছিল। তার বাবাও কোনো নির্বাচনে জিততে পারেনি। রুমিন বলে ' ৭০ নির্বাচনে তাহের উদ্দিন ঠাকুর  নাকি হেলিক্যাপ্টার নিয়ে ব্যালট চুরি করে জিতেছিল। হারামজাদি । এতো বড় খবরটা আমি কারো কাছে শুনিনি। তখনকার কোনো পত্রিকাতেও এরকম খবর ছাপা হয়নি। মাগী বোধ হয় হিজরা। খবর নিয়ে দেখেন। সেই জন্যই বিয়ে করেনাই দালাল মাগী
3275	যখন বিএনপি চাঁদাবাজি করে, পাথর ছুঁড়ে মানুষ খুন করে— আজ যখন রাজপথে রক্ত ঝরে, তখন সেই ‘দেশপ্রেমিক’, ‘সত্যবাদী’  সাংবাদিকরা কোথায়?  পিনাকী, ইলিয়াস, কনক—এই ত্রয়ী আজ চুপ। না লাইভে, না ভিডিওতে, না কোনো ব্যানারে—মুখে যেন তালা।   ভিউ আর চাঁদার হিসাবের বাইরে দেশের রক্তপাত তাদের স্পর্শ করে না। আজ তাদের নিরবতা প্রমাণ করে: *এরা সাংবাদিক নয়, এরা  ব্যবসায়ী।*  যখন আওয়ামী লীগ কিছু করে—তৎক্ষণাত লাইভ, থাম্বনেইলে আগুন, ক্যাপশনে বিষ! আর বিএনপির খুন-সন্ত্রাস দেখেও আজ তারা “লাগে না কথা বলতে”! এ কেমন দেশপ্রেম?  তাদের এই নিরবতা, পক্ষপাতদুষ্টতা এবং চাতুর্যপূর্ণ চুপ থাকা— *প্রমাণ করে এরা আর সাংবাদিক না, বরং সুবিধাবাদী এজেন্ট।*  \# #নকলসাংবাদিকতা #সাংবাদিকনাকিসমর্থক #পিনাকীকনকইলিয়াস
3276	ইনকিলাব জিন্দাবাদ।
3277	আর কাকচিড়ার লাইনেরইতো টিকিট কেটেছো?কতো বলে দিলাম তবুও কেনো এমন হইলো
3278	ধন্যবাদ আপনাকে
3279	ভাই পিনাকী আপনি ঠিক বলেছেন, রুমিন এই নির্বাচনে জিততে পারবে না। যখন ভোট হয়নি (আমলীগের) আমলে তখন সে জিতেছিল। তার বাবাও কোনো নির্বাচনে জিততে পারেনি। রুমিন বলে ' ৭০ নির্বাচনে তাহের উদ্দিন ঠাকুর  নাকি হেলিক্যাপ্টার নিয়ে ব্যালট চুরি করে জিতেছিল। হারামজাদি । এতো বড় খবরটা আমি কারো কাছে শুনিনি। তখনকার কোনো পত্রিকাতেও এরকম খবর ছাপা হয়নি। মাগী বোধ হয় হিজরা। খবর নিয়ে দেখেন। সেই জন্যই বিয়ে করেনাই দালাল মাগী
3280	ভারত সুপরিকল্পত ভাবেই আগামী দিনের শেখ হাসিনাকে তৈরী করছে বিএনপির ঘরে। ভারত তার দালাল মিডিয়া ও সুশীল দের মাধ্যমে দেশ বিদেশে রুমিনকে কাল্ট ফিগার হিসেবে তৈরী করে বিএনপির মুখামুখি দাড করিয়া দেবে। শেষ পর্যন্ত রুমিন বারিষ্টার শাহজাহান ওমরের মত গলার কাঁটা হবে।
3281	ইউনুস সাহেবকে আরও দশ বছর চাই
3282	দাদা আমার দুস্ট জাউরার জাউরা
3283	দাদা আমি যদি প্রবাসে যে কোন দেশে সিটিজেন হয়ে থাকি আমি কি বাংলাদেশে নির্বাচন করতে পারব
3284	সেই হইছে বাঁশ টা
3285	কে বানান   কোনো  না হওয়া
3286	 কে কোনো  দিল তো মরবে.ভাই বোন কোনো ভোট  দিবে না  কে
3287	 তুই  শেষ সব মিথ্যা এখন সারা বাংলাদেশ দেখছে.  কে কোন  দিবে না 
3288	স্যার, আপনাকে স্যালুট..তাই তথ্য বহুল জ্ঞান এর জন্যে আপনার জন্যে "দুআ" আরশ ও জমিনের মালিক আপনাকে ইসলামের জন্যে কবুল করুন...আমিন। # ..
3289	এক কথায় নাইছ হয়েছে দাদা
3290	সবারি দিন আছে একদিন শেষ হয়
3291	এইটারে জয় বাংলা করেন না কেনো? বিএনপির সবগুলাকে ধরেন আর সকাল বিকাল নাস্তা করেন।
3292	আপনি এগিয়ে যান
3293	মমতাজ বি এন পির
3294	আপাকে জয় বাংলা করার জন্য ধন্যবাদ পিনাকী ভট্টাচার্য স্যার কে
3295	রেন্ডিয়ান চ্যানেলে দেশের বিরুদ্ধে মিথ্যা অভিযোগ করার জন্য ওরা টাক করে মুখে চুন কালি দিয়ে রাস্তায় ল্যাংটা কইরা ঘুরানো উচিত
3296	বাংলাদেশে একমাত্র সত্য ও সঠিক রাজনৈতিক বিশ্নেষক হলে পিনাকি দাদা। বাংলাদেশের হাজারো মনুষের ভালোবাসা এভাবেই ধরে রাখেন মানূষ বাঁচেই বা কইদিন বীরেরমত বাঁচেন। ভালোবাসা অভিরাম
3297	উনি মমতাজের চেয়ে কোন অংশে কম নয়,,,
3298	এখানেও বৈষম্য হলো দাদা একজনেরটা বলবেন আর একজনের টা বলবেন না তা কিভাবে হয়
3299	রুমিন ফারহানা নির্লজ্জ বেহায়া অকৃতজ্ঞ মহিলা
3300	মিন ফারনা একটা ডেস্পিকেবল মাতারি।তার আগে বিয়ের ব্যবস্থা করা হোক।
3301	দাদা রঙিন ফারহানা আর হচ্ছে ফজু পাগলা এই দুইটা বিএনপিকে মানে ওরা নিজেরাই শুধু পসে নাই বিএনপিকে সহ এমন ভাবে পচায়ে দিচ্ছে যে এখন আওয়ামী লীগের সাথে কম্পেয়ার করলেও এরা হারিয়ে যাবে
3302	খালেদা জিয়ার বাড়ী ভাংগার সময় এই মহিলা কোথায় ছিলেন?
3303	পিনাকী সাহেব, দয়া করে ভারত মাতার নষ্টিফষ্টিতে চিপায়-চাপায় জন্মানো এই ফুটফুটে সুন্দর "-" শিশুদের নিয়ে  বানান! যেভাবে জোরে জোরে কান্নাকাটি করতে শুরু করেছে- তাতে অনতিবিলম্বে এদের মুখে  চাপিয়ে না দিলেই নয়
3304	দাদা আপনাকে অনেক ধন্যবাদ
3305	মালোয়ান  ও শহিদ হইতে চায়,ক্ষানকির ছেলে।
3306	আসসালামুয়ালাইকুম প্রিয় ভাই চাঁদাবাজ দের নিয়ে একটি প্রতিবেদন তৈরি করুন যে প্রতিবেদন করলে চাঁদাবাজের বুকে কাঁপন ধরে যাবে
3307	অনেক সুন্দর ধৌত কাজ।একদম পরিষ্কার হয়ে গেছে নোংরামির চরিত্র।
3308	মুজিব ফারহানা 
3309	খালেদা জিয়ার বাড়ী ভাংগার সময় এই মহিলা কোথায় ছিলেন?
3310	আমার পুরো পরিবারের কেউ বিএনপি তে ভোট দিবনা
3311	পিনাকী দাদা আপনাকে ধন্যবাদ দাদা আপনে রুমিকে বিয়ে দেয়া চেষ্ঠা করবেন
3312	মুজিব ফারহানা
3313	এটা রয়ের দালাল রুমিন শয়তান
3314	সাবাশ পিনাকী দাদা। এই ইন্ডিয়ার মালকে জয় বাংলা করে দেওয়ার জন্য।
3315	ধইরা নিয়া ভইরা দিছে রুমি ফারহাকে .
3316	সেলুট স্যার 
3317	রুমিন একটি নিরলজ্জ মহিলা। অর হায়া বলে কিছু নাই। অরে জন্য আফ্রিকার মাগুর লাগব।
3318	মহিলা মানুষ বলে কথা পাছার গু মাথায় উঠে গেছে
3319	রুমিনরে কেউ   বিয়ে করে না  তাই আওলায় গেছে 
3320	ধন্যবাদ দাদা
3321	 দাদাই পারে যা
3322	ইন ক্লাব জিন্দাবাদ
3323	দাদা আপনি সবসময় হুডি পরে থাকেন কেন?
3324	কোথায় গেলে এমন এডিটিং শিখতে পারবো জানি না,,,মনে সেরা সেরা এডিটর পিনাকী দাদার এডিটিং ম্যানেজার
3325	এই ফালতু মহিলার বয়ান শুনা অনেক আগেই বন্ধ করেছি।
3326	সঠিক। উনার কথাবার্তায় পরিষ্কার বোঝা যায়
3327	ফজু পাগলার সাথে এই মুখরা রমনীর বিয়ে দেয়া হোক
3328	বিয়ে দিলে   বুইড়া খাঁটাশ ফজা পাগলা আর রুমিনের চিল্লাচিল্লিতে  পাড়াপড়শির রাতের ঘুম হারাম হয়ে যাবে  কনডম নাকি পিল.. তা নিয়ে তুমুলঝগড়া হবে
3329	জামায়েত জিন্দাবাদ ইসলামী দল জিন্দাবাদ
3330	রুমিন ফারহানা কে ভালো জানতাম আজকে দেখছি সে তো আওয়ামী লীগের ডিসপেন্সারি
3331	হায়াত মওত আল্লাহর হাতে, বিএনপি উছিলা মাত্র
3332	অস্থির একটা ভিডিও হয়েছে ধন্যবাদ দাদা
3333	‌পিনাকী দাদা আপ‌নি তো সব কিছু ফাস ক‌রিয়া দেন এরা তো সমা‌জে মুখ দেখা‌তে পাবেনা
3334	শয়তান মহিলা
3335	দাদা সব সময় ঠিক কথাই বলে
3336	সহমত
3337	বি এন পি ক্ষমতা আসলে রুমিন ফারহানা গরিব কে চুশে চুশে খাবে
3338	বি এন পি ক্ষমতায় আসলে রুমিন ফারহানা তাশের রাজুত্ব করবেন
3339	বি এন পি ক্ষমতায় আসলে রুমিন ফারাহর দেশের বাহিরে ১০০০ বাড়ি হবে
3340	বিএনপি যেভাবে তার নেতাকর্মীদেরকে বহিষ্কার করতেছে,  এক মাস পর মনে হয় বিএনপি নেতা কর্মী থাকবে না
3341	স্যালুট দাদা
3342	 আর  একই মুদ্রার এপিট আর ওপিট। এতোদিন মাজলুমের তালিকায় ছিলো না । আগে যত জুলুম করেছে মানুষের উপর, মানুষের হক মেরেছে, সেগুলারই শাস্তি ভোগ করেছে আল্লাহর পক্ষ থেকে এতো বছর। আল্লাহর পক্ষ থেকে যেই শাস্তিটা এখন আওয়ামিলীগ ভোগ করতেছে। এখন আল্লাহ আবার সুযোগ দিয়েছে শোধরানোর। কিন্তু সুযোগ পেয়ে আবারও জালিম হয়ে উঠেছে। তাই এখন আবার আল্লাহর পক্ষ থেকে শাস্তি আসবে ইন শা আল্লাহ।  বি.দ্র. কেউ আমাকে আবার জামাত বা  ট্যাগ দিয়া নিজে হাসির পাত্র হইয়েন না। আমি গণতন্ত্র বিরোধী মানুষ। যারাই গণতন্ত্রের মতো ফালতু শাসন ব্যবস্থায় বিশ্বাসী তাদের মতো মূর্খদের থেকে আমি আল্লাহর কাছে আশ্রয় চাই।   
3343	দালাল
3344	অসাধারন
3345	দাদা একটা হাইপারসনিক মিসাইল
3346	মাশাআল্লাহ সুন্দর মতামত। ১০০% সত্য
3347	৪ঠা আগষ্ট নাহিদের একদফা ঘোষণার সময় পাশের লোকটি ছিলো রুমিন ফারহানা,আপনার সুরে কথা না বললেই সব ভারতপন্থী
3348	ইনকিলাব জিন্দাবাদ 
3349	হলার গুপ্ত ফেসিস্ট বি এন পি,,,ওরাই আওয়ামি কে ফেসিস্ট কাজ কর্মে সাহস দিছে।।।।।।
3350	তুই  নিজে যে আওয়ামী লীগের  দালাল আছলে  হালা।কোন পোস্ট  না পাইয়া  আওয়ামী লীগের  গেছে পুটকি মারা খাইয়া  দেশ থাকি ভাগিয়া আইছোত ইতা সারা দেশের মানুষ জানে
3351	বিএনপি আর আগের মত নাই। এরা জনগনের ঘৃনার দিকে চলে যাচ্ছে।
3352	দাদা ধন্যবাদ ভালো লাগলো
3353	এই মহিলা নাম রুমিন ফারহানা আওয়ামীলীগের একটা দাসী
3354	জামাতের ল্যাসপেনসার হচ্ছে পিনাকি দাদা
3355	এখন কি বলবেন বিএনপি চাদাবাজি চালিয়ে যাক,আর আমরা সবকিছু জেনে তাদের সমর্থন করে যাই
3356	বিপদ কেটে গেলে মানুষ উৎফুল্ল ও অহংকারী হয়ে যায়
3357	বিএনপিকে কোন মতেই ক্ষমতায় আসতে দেওয়া যাবেনা। পুরো দেশ ধ্বংস , দেশের অর্থনীতি ধ্বংস সবকিছু ক্ষতি হবে। দ্বিতীয় স্বৈরাচার হয়ে উঠবে বিএনপি। আমাদের সকলকে এখনই সাবধান হতে হবে। এই টোকাই বিএনপি যদি ভুল করে একবার ক্ষমতায় চলে আসে তাহলে সব শেষ। এই টোকাই বিএনপিকে কেউ ভোট দিবেন না‌।
3358	ইনকিলাব জিন্দাবাদ
3359	এই রুমি কাকা রে দেখলেই রাগ উঠে৷
3360	অনেকেই ভোট চায়, উনি কি একবারও সাধারণ মানুষের কথা বলেছেন? দেশের সাধারণ মানুষ কি চায়, কবে চায়? কিভাবে চায়? তা তো কখনও শুনিনি।
3361	আগে রুমিন পারহানারে বিয়ার কাজটা শেষ করতে বলেন। আপার মাথা ঠিক নাই
3362	অনার কথার আগা মাথা বুঝিনা
3363	একদম একমত
3364	রাত হলে আওয়ামী লীগের নেতাদের বাসায় ভ ঘুমাইত তাকে দেশ থেকে পালাতে  হয়নি
3365	আমি গু দেকতে পারি কিনদু রুবিন ফারহানা কে দেকতে পারিনা
3366	রুমি বহুরূপী একজন মহিলা  যার কথার আগাগোড়া ঠিক নেই রুমির লজ্জা থাকলে ভারতের চ্যানেলে গিয়ে টক শো করতো না।
3367	দারুণ লাগলো 
3368	কঠিন 
3369	খুবই খুবই খুবই গুরুত্বপূর্ণ কিছু কথা ধন্যবাদ ইনক্লাব জিন্দাবাদ
3370	এই ম্যাগীরে কেডা ধ-র্ষণন করবে আমি বুজি না, কার রুচি এতো নষ্ট 
3371	আমরা এখন নির্বাচন চাই না সংস্কার চাই
3372	অসাধারণ হয়েছে 
3373	অনেকেই ক্রেডিটের ভিক্ষা করবার চেষ্টা করে।
3374	দাদা মুজিবুরের বাড়িটাও ভাঙ্গা দরকার ️
3375	ভালোবাসার আরেক নাম পিনাকী দাদা ভাই এবং ইলিয়াস হোসাইন ভাই
3376	রুমিরে রোমিও বানিয়ে দাও।জুলিয়েট হবে হাসিনার পুতে।
3377	এই মহিলা গুরুজনকে সম্মান করতে জানেনা,,, ফালতু মহিলা,,,,
3378	রুমিন কে পাবলিক কেন সুন্দরী বলে বুজে আসেনা
3379	দাদা একটা ফাউল মালকে খামোখা প্রমোট করতেছেন। গার্বেজ মাহিলা!!
3380	শেষ রুমিন ফারহানা।
3381	ফজলুরে একটু ধরেন
3382	রুমিন ফারহানা বাংলার মেয়া খলিফা
3383	দাদা আপনাকে ধন্যবাদ সত্য কথা বলার জন্য।
3384	রুমিনের সোনায় বিভিন্ন পূরূষের ধাতু পাওয়া যাবে তাকে জাতীয় বেশ্যা ঘোষণা করিলাম
3385	কিরে পিনিক মাদারবোর্ড তোর এত সাহস তাহলে দেশে আসিস না কেন
3386	ব্যাথা তো এক যায়গাতেই।  ঐখানে।
3387	★স্যার দয়াকরে এই মন্তব্যটি পড়বেন।  স্যার আমি আপনার একজন নিরব ভক্ত শুধু মাত্র আপনার দেশ প্রেম ও খারাপ মানুষদের মুখোশ উন্মচোন করার জন্য।  স্যার আমি ছোট থেকে অনেক বেশি বিএনপি ভক্ত।  কিন্তুু এই দলের কিছু খারাপ মানুষ আছে যারা বিগতদিনে দলের বড় বড় পদ দখল করেছে আবার আঃলীগ ও রয়ের সাথে যোগাসাজস করে দেশ ও দলের ক্ষতি করেছে। আপনার নিকট অনুরোধ এই সকল খারাপ লোকদের মুখোশ দেশ ও দলের কাছে উন্মোচন করে দিন। এতে দলের কোন ক্ষতি হবেনা। জিয়াউর রহমানের সেই কথা বুকে ধারণ করে এ দেশের জনগণ।  ব্যক্তির চেয়ে দল বড়, দলের চেয়ে দেশ বড়। কয়েকজন ব্যক্তির জন্য বাংলাদেশের স্বাধীনতার প্রতিষ্ঠিতা জিয়াউর রহমানের দল ও দেশ আমরা ধ্বংস হতে দিতে পারিনা৷ স্যার একটা অনুরোধ করবো আপনার ছোট ভাই হিসেবে অনুরোধ টা রাখবেন।  আমি বিএনপি ভক্ত। এই দলের খারাপ কিছু দেখলে বুকে লাগে। তাই অনুরোধ এটা যে, বিএনপির সাথে দলের মাঝে থাকা এই সকল খারাপ লোকদের মুখোশ উন্মোচন করুন তবে দলকে টানবেন না কারন দলের বদনাম হলে খারাপ লাগে। আর আবারও অনুরোধ করছি এই দেশ ও দলের জন্য এই ধরনের সকল খারাপ লোকদের মুখোশ উন্মোচন করে এই দেশ ও দলটাকে বাঁচান। এই দলটা তো আপনার জন্মস্থানের এলকার মাটির মানুষের দল। সেই হিসাবে হলেও দলটাকে ধ্বংস হওয়া থেকে উদ্ধার করেন খারাপ লোকদের হাত থেকে।
3388	হাসিনা ও ভারতের দালাল ওয়াকার ভারতের সাথে মি এসব ঘোট পাকাচ্ছে যেন প্রফেসর ইউনুস বিরক্ত হয়ে নির্বাচন দিয়ে চলে যান।  বিএনপি হচ্ছে নাটের গুর যারা এক মূহুর্তের জন‍্য এই সরকারকে শান্তিতে থাকতে দেয়নি।  দেশের উন্নয়ন ও ভারতের আধিপত্যে রোধ তাদের কাছে যেন প্রসংগিকই নয়!  এই যদি চলতে থাকে তবে বাংলাদেশের সামনে ঘোর অমানিশা, ঘোর অমানিশা, ঘোর অমানিশা।
3389	রুমিন ফারহানা ভু চ কি 
3390	লজ্জা থাকলে হয়ত আর উল্টাপাল্টা বকবেনা রুমিন ফারহানা
3391	সরকারের আমলে বদমাইশ লুণ্ঠনকারী ক্ষমতা অপব্যবহারকারীদের মপ জাস্টিস করা লাগবে সরকার স্বরাষ্ট্র উপদেষ্টা ব্যর্থ এদের শাস্তি দিতে
3392	ধুর কানকীর ফুলা
3393	ও মাগি কে বাশ দেওয়া টিক হইছে দাদা ভাই 
3394	ধন্যবাদ দাদা
3395	নব্য ভারতের এজেন্ট
3396	বিএনপি নাকানিচুবানি খাচ্ছিলো অথচ রুমিন ফারহানা বহাল তবিয়তে ছিলো
3397	এই লুটপাটের পুরা অংশীদার বিএনপির আরো কয়েকজন নেতা রবিন ফারহানা শুধু একা নয় হারুন মির্জা আব্বাস দুধু আরো অনেক লোক আছে ফখরুল ইসলাম আলমগীর সহ এরা হচ্ছে আওয়ামী লীগের রাতের পাচার তো দিনে বিএনপি করতো এরা রয়ের থেকে টাকা পাইছে রায়ের সাথে এদের ব্যবসা চালু হয়ে গেছে বিএনপি আওয়ামী লীগের আমলে আপনারা আসলে বিষয়টাকে বিষয়টা নাকি আরো অধিকতর ডিপে মানে গভীরে চিন্তা করেন দেখেন এরা কিভাবে কি করছে কত শয়তানি করছে এখন সেই শয়তানি প্রকাশ পাচ্ছে সালাউদ্দিন হচ্ছে তাদের অন্যতম
3398	যেই দল দেশের জনগণের পাল্স বুজে কথা বলবে না দেশ ও জনগণের জন্য রাজনীতি করে না এবং খাতায় যাওয়ার জন্য জনগনের ওপর কোন ভরসা ব আস্তা রাখেনা দিন শেষে আওয়ামীলীগের পরিণতি ভূগ করতে হবে। রুমিন ফারহানারা নিজেদেরকে খুব চালাক মনে করে শাক দিয়ে মাছ ঢাকার চেষ্টা করে আর জনগনকে বুকা  ভাবে।জনগন এইসব রুমিন ফারহানাদের বুজে গেছে সতারাং পরিনতি খুব খারাপ হবে।
3399	ওকে
3400	আমি বিএনপি করি তবে দেশের যে অবস্থা বিএনপির প্রতি আস্থা হারিয়ে ফেলেছি
3401	বি এন পির সবগুলো জোকার 
3402	প্রথম বার ভোট দিব যদি দেশ হইতে যদি দূর্ণিতী বন্ধ করে দিতে পারে কসম কাটে, তার ক্যাডার নেতাদের সড়িয়ে শিক্ষিত যুবক ও ভদ্র নেতা দিয়ে সততার সাথে দেশ চালাবে অঙ্গীকার করলে ভোট দিব, দাদা আপনার মুখে সব ভালো কিন্তু বি,এন,পি, এর সাপোর্ট ভালো লাগে না, আপনি ডিরেক্ট ও ইনডিরেক্ট বি.এন.পি কে সাপোর্ট করে সব ভিডিওতে প্রথম ধুয়ে দেন, পরে ভালোবাসা দেখান এগুলা ভালো না দাদা আপনারা বড় পর্যায়ের লোক তো হয়রানি আপনারা হন না, এই যে, সাধারণ জনগণের ঘারে বন্ধুক রেখে গুলি চালিয়ে আজ আজ ক্ষমতা ক্ষমতা করছে, এগুলো জনগন সব বুঝে, আমরা সবাই জিম্বি হয়ে গেছি দাদা, শুধু আপনাকে বড় লেভেলের একজনের মধ্যে দেখি যে আমার মুখের কথা আপনার মুখ দিয়ে বলেন তাই কিন্তু এখন আস্তে আস্তে কষ্ট লাগছে দাদা, ইন্টারনেট ব্যবসা, বালুর ব্যবসা, ইটের ব্যবসা, বাজারের চাদা, সরকারী বেসরকারী নির্মান কাজের কন্ট্রাক্ট, গার্মেন্টস্ ব্যবসার চাদা, এমনকি কেও এলাকায় নতুন বাড়ী করতে গেলে টাকা দেওয়া এগুলা কিছু বাকি নাই, আওয়ামী করছে তা অস্বীকার করি না কিন্তু নতুন করে দেশ যদি সুচনা করে থাকে, তাহালে এগুলো পূণরায় হচ্ছে কেনো? আর আপনি যতই যতই উপরে উপরে বলেন কিন্তু এগুলো বন্ধ করতে পারবেন না, কারণ আপনাদের সবার লাভ আছে আমাদের চুষে খেয়ে, আপনারা জনগনকে ভোদাই বানান, বাংলাদেশে সব রাজনৈতিক দল ভন্ড, এখনও সময় আছে ইতিহাস তৈরি করার, কোন এগুলো করে ইনকাম করা লাগবে, আর যদি করা লাগে তাহলে বালু, নির্মান কাজের কন্ট্রাক, মাঠ ঘাট, ইট, ইন্টারনেট বৈধ ব্যবসাগুলো এমন করে দিলে হয় না, যে এই ব্যবসা গুলো শুধু রাজনৈতিক নেতা কর্মিরা পাবে তাদের নিজ নিজ এলাকায়, কিন্তু সরকার থেকে টেন্ডার নিয়ে ব্যবসা করবে, যাতেসরকার একটি অংশ পায়, আর বাড়ী তুলতে গেলে টাকা, বাজারের টাকা, কসাইদের থেকে টাকা, মাদক ব্যবসায়ীদের লালন পালন, সহ আরও অনেক কাজ আছে এগুলো বাদ দিয়ে সরকার যদি কাজ করে তাহলে ক্ষতি কি? (আর যদি আন্ডার ওয়াল্ড এর কথা বলি আমি মনে করি রাজনৈতিক নেতারাই ডন এখন, আর যদি ডন মারতে গুম খুন শুরু করতে হয় তাহলে খারাপ কি?) গুন খুন যদি ভালো কাজে লাগানো যায় সমস্যা নাইতো কিন্তু এগুলো আপনারা করবেন না, কারণ মোটা অংক না এসে ছোট অংক আসবে তাই, আমার ছোট হইতে পারি রাজনীতি নিয়া অনেক ভেবে দেখছে, ক্ষমতার মজা বড় মানুষ ই নেয় আমরা তো শুধু বলি কা বাকরা,
3403	এভাবে বাঁশ দেওয়া ঠিক আছে
3404	ধন্যবাদ দাদা রুমিন ফারহানারে চুদে দেওয়ার জন্য,   এভাবে আমাদের দেশটা পাহারা দিবেন
3405	দাদা রুমিন ফাটা জোনার বিয়েই হয় নাই তাহলে ফসাত ফসাত করে কেমনে ?
3406	রুমিন ফাটাজনা
3407	রুমিনকে এখন হিরো আমল ও বিয়ে করতে চায় না , মনে হয়  আর ঘরের খাম্বার কাজে ও লাগানো গেলোনা আহারে মহিলা ,  ভারতীয় জঙ্গি দালাল বিএনপি নিপাত যাক বাংলাদেশ মুক্তি পাক , ইনকিলাব জিন্দাবাদ 
3408	রুমিন আফা জয় বাংলা
3409	রুমিন ফারহানা খাস দালাল না ইন্ডিয়ান খাস মাগী
3410	তোর কপালে প্রচুর দুঃখ আছে পিনু,তোর ৫০ প্রজন্ম পর্যন্ত পুইতা রাখবে মাটির নিচে তাও আবার জিন্দা, দেখার অপেক্ষায় রইলাম
3411	রুমিন ফারহানার  কাজই হইলো,,,,,,,টকশো করে বেড়ানো,,,,আর টাকা কামানো,,,
3412	ফাতরা মহিলা একটা
3413	দাদা, অসাধারণ বিশ্লেষণ জন্য ধন্যবাদ । দাদা, দীর্ঘ ভিডিওর মাঝখানে রুমিন ফারহানার কিছু খাট কাঁপানো রোমান্স রাখা উচিত ছিল,  ইলিয়াস ভাইয়ের থেকে আপনি কিছু রোমান্টিক কালেকশন করে এই ভিডিওটিতে দেখালে খেলাটা জমে খির হয়ে যেত।
3414	রুমিনকে আছোলা বাঁশ দিলেন 
3415	বয়কট বি এন পি
3416	দাদা
3417	দাদা আপনাকে প্রধানমন্ত্রী হিসাবে চাই
3418	ডাইনী
3419	চারিদিকে নীরবতা, কোন দালালির শব্দ শোনা যাচ্ছে না, কোন হৈচৈ আছে ? পরিবেশটা কি সুন্দর না ? কারণ আজকে পিনাকী দাদা এই রুমিন ফারহানা নামক বাচালের মুখের ম্যানহোলের ঢাকনাটি বন্ধ করে দিয়েছেন। জাতি স্বস্তি পেলো।
3420	শামসুজ্জামান দুদু‌কে নি‌য়ে কিছু বলা দরকার। শুক্রবার জাতীয় প্রেস ক্লা‌ব মিলনায়‌তনে নবীন বিএন‌পি দ‌লের প্রতিবাদ সভায় দুদু ব‌লেন, 'দেখা যা‌বে, অ‌নে‌কেই  নির্বাচ‌নে জামানত হা‌রি‌য়ে দেশ ছে‌ড়ে পালা‌বে?' কা‌দের  দেশ ছে‌ড়ে পালা‌নোর কথা বল‌ছেন? নিশ্চয়ই জুলাই আন্দোল‌নের ছাত্রনেতা‌দের???
3421	বিএনপি সকল অন্যায় কাজের জন্য সেরা।
3422	দাদা যারা বর্তমান সরকারকে ব্যর্থ বলে কোন উন্নয়ন দেখছে না তাদের বয়ানের বিপরীতে ডকুমেন্টারি সিরিজ বানান আওয়ামিলীগ ও বিএনপির চুরি, ডাকাতি, দূর্নিতী ও ব্যর্থতা দেখিয়ে এবং বর্তমান সরকারের সফলতা দিয়ে ডকুমেন্টারি বানান দেশ জাতি আসল ঘটনা জানুক।
3423	ভারতের দা লাল
3424	এই বেডিডা ক্ষমতার লোভে চোখে সইরষা ফুল দেখতাসে আর কি তবে দাদা বাঁশটা খুব ভালো হইসে 
3425	দেশে  এসে  কা কা করো
3426	রুমিন ফারহানা ভারতের টিভি চ্যানেলের সাক্ষাৎ যা বলেছে তা আমাদের দেশকে অনেক ছোট এবং খারপ রষ্ট্র হিসেবে উপস্থাপন করেছে এটা সম্পূর্ন রাষ্ট্র বিরুধী কাজ করেছে ওকে কেউ ক্ষমা করবেন না এখন যত দিন যাচ্ছে ফজলু পাগলার মতো মাতালের মত কথা বলতে থাকে। একটা লেভেল থাকা দরকার কিভাবে ওরা পজিশন পায়। তবে দোয়া রইল আল্লাহ যেন এদের মতো পাগলের কারনে বিএনপি তারাতারি বাংলাদেশের মানচিত্র থেকে মুছে যায় এবং সময়ের ব্যবধানে যেতে বাধ্য-আমীন।
3427	বিএনপি নেতা কর্মী সবাই অভিনয় নাটকের সেরা
3428	খান***কি  খায় না তো তাই পাগল হইয়া গেছে
3429	বাবু শুধু হাসিনার পিছনে পড়ে থাকলে হবে,,,,একটু দেশের খুনের ব্যাপারে বলেন বাবু
3430	একটু বেশি করে করার দেরি
3431	সঠিক বলেছেন
3432	এরকম ভিড়িও চাই
3433	আপনাকে অনেক ধন্যবাদ ওর গোমর ফাঁস করার জন্য
3434	চাপাবাজ
3435	পিনাকী দাদা  আপনি যে লেপটর নিয়ে বসে আছে। তার বিষেয় কিছু কথাবলেন ২০০১৮ ইংলেশনের না সঠিক হয়ে আছে টকশোতেসে কথা র সময় যুদ্ধ লাগাইয়া যাইত।আপনি তার বি ডিও গুলা দেখবেন।সেত এখন জেলে থাকার কথা।
3436	দাদা একটা অনুরোধ করছি, বিএনপি ৫ ই আগস্ট এর পর আওয়ামী লীগ এর নামে যে রাজনৈতিক মামলা গুলো করেছে, সেগুলো তে অনেক সাধারণ মানুষের নাম দিয়ে তাদের হয়রানি করা হচ্ছে। সরকারের দৃস্টি আকর্ষণ করতে এ বিষয়ে একটি এপিসোড তৈরি করুন।  প্লিজ।
3437	রুমীন খানকি  ইনকিলাব জিন্দাবাদ 
3438	আরো ভিডিও চাই রুমিনকে পচানো 
3439	সত্য কথা বলেছেন আপনি আপনাকে অনেক ধন্যবাদ
3440	কথা গুলোর অধিকাংশ  বাস্তবতার সাথে  মিল খুজে পাওয়া যায়।
3441	ধন্যবাদ ভাই
3442	রুমিন নিজের জন প্রিয়তা নিজের হাতে  নষ্ট করছে।আর বাকিটা দাদা আপনি শেষ করছেন।রুমিনের সংসদ সদস্য হওয়ার সপ্ন, সপ্ন রয়ে যাবে ।
3443	দাদা তুমি বেচে থেকো 
3444	দাদা
3445	আসল নষ্টামি রুমিমা,
3446	মব্বাজি   আপনার নামকরনের ধরণটা আলাদা 
3447	আপনার  এপিসোড  অনেক নতুনত্ব দেখা যায়।কিন্তু বুঝতে কষ্ট হচ্ছে বিএনপিকে আপনি ক্ষমতায়  না চাইলে  কোন যোগ্য দলকে চান।যে দলকে আপনি ক্ষমতায় দেখতে চান সেই দলকে নিয়ে একটা এপিসোড করলে খুশী হব।
3448	মগ বাজী না, মাগী বাজ আপা
3449	রুমিন ফারহান কথা হলো,আওয়ামী সময় আওয়ামি খারাপ, এখন ইউনুস সরকার খারাপ,,,, ভালো শুধু রুমিন পাটি,,, এখন জনগণ দেখতেছে ভালো খারাপ কে,পিএপিকে জনগণ তুতু দিতেছে,,,,
3450	রুমিন ফারহানা, ফজু পাগলা ,গোলাম ময়লা রনি, কথা কামাল এরা সবাই আলীগের মাল ॥
3451	দাদা আপনি একটা জিনিস
3452	আপনার তো কোন ক্লাসই নেই বুঝলেন পিনাকি
3453	পিনাকী ভট্টাচার্য দাদা আপনাকে অসংখ্য অসংখ্য ধন্যবাদ 
3454	দালাল রুমি ফারহানা বিএনপি বয়কট 
3455	তোমার মুখে ইনকিলাব সিপির ও স্লোগান ইন ক্লাব এতেই বোঝা যায় তুমি এনসিপির দালাল দেশে অস্থির মব সৃষ্টির কারিগর তুমি।
3456	পিনাকি দাদা তুই একটা বা 0:54 টপার তুই একটা তুমি এনসিভিনিয়ার নিয়ে দল গঠন করবা না তোমাদের এনসিপির অবস্থা আমি লীগের মতনই হবে
3457	রবিন পারেনা বিয়া বইলা আমি বিয়া করমু
3458	আনিস, চুন্নু, ফিরোজ, হাওলাদার এরা মূলত আওয়ামী লীগের লোক,  এরা আওয়ামী লীগকে পুনর্বাসন করার জন্য-ই জাতীয় পার্টি ও জিএম কাদের বিরুদ্ধে এরা বহুমুখী ষড়যন্ত্র করে যাচ্ছে।  এরাই-তো নিজেদের স্বার্থে এরশাদ সাহেব-কে সিএমএইচে ভর্তি নামে জিম্মি করে, আওয়ামী লীগের সাথে রাতে ভোটে এমপি হয়ে মন্ত্রী হয়েছিলো।
3459	পালা পাকিস্তানি
3460	যেখানে বিএনপির কেন্দ্রীয় নেতারা তালে নেই,,সেখানে তো নেতা কর্মীরা বেতাল থাকবে।বিএনপি এই মুহুর্তে দেশের জন্যে বিপদ সংকেত।
3461	পিনাকির আসল বাবা হলো সোয়েব আদুল্লাহ পাকিস্তানি  চেয়ারা ও একদম মিল 
3462	শিবির চুদি,,পিনাকী চুদি,,দেশে আয়
3463	সাবাশ দাদা। আপনার কথা যতোই শ্রবন করি ততোই ভালো লাগে। অসাধারণ যুক্তি আপনার।
3464	সুন্দর বলেছেন দাদা! তবে মূল বিষয় থেকে দৃষ্টি যেন সরে না যায়! হাসিনার ফাঁস হওয়া অডিও ক্লিপঃ  ://..//9368
3465	এই রকম সমাজে হাজার হাজার সুশীল বে/শ্যা রয়েছে। যাদের টাকার ও ক্ষমতার দাম্ভিকে পাঁ মাটিতে পড়ে না ও মুখে কিছু আটকায় না।
3466	রুমিন ফারহানা মনে হই আওয়ামী লীগের শামিম ভাইয়ের বন্ধু ছিল
3467	পতিতা রুমিন
3468	অবশ্যই ঠিক বলেছেন।
3469	র"" এজেন্ট, এই পুমিন কারখানাঅরজিলান আমলিকান
3470	রুমিন ফারহানা আওয়ামী লীগের দোসর। আওয়ামী লীগের হালুয়া রুটি খাওয়া মানুষ
3471	নুরু,রুমিনা ফারহানা আর গোলাম মাওলা রনি কখন কি বলে ওরা নিজেরাই জানে নাওদের নিজেদের উপর নিজেদেরই কন্ট্রোল  নেইদিনে দিনে ওদের আচরণ ওদের মুখোশ খুলে দিয়েছে 
3472	লেংটু সোলেমান
3473	দাদা আপনি আমাকে আপনার সহ কারি করেন আপনার সাথে কাজ করতে চাই
3474	সে একটা দাউস
3475	পিনাকি আর ইলিয়াসের কথা শুনলে বিএনপি জনমানুষের ভালোবাসার ১নং দল হবে,, 
3476	চমৎকার ছবি
3477	দাদা আপনার জন্য সব সময় দোয়া থাকে যেন ভালো থাকেন। মহান আল্লাহ আপনার মঙ্গল করুক।
3478	পাগলাচোদা
3479	এটা ভারতের দালাল
3480	দাদা মরিচ টা কম হয়ছে...আরো একটু লাগবে.সামনে আরো একটা দেখতে চাই কড়া ঝালের।
3481	ভাই আপনার ভিডিও ফানি ভিডিওর চেয়ে কম কিছু না
3482	আসলেই সত্য
3483	মনে অনেক শান্তি পাইলাম দাদা।ইনকিলাব জিন্দাবাদ 
3484	রুমিন তো রাতের  রানী
3485	এটা আগে দরকার ছিল একটু দেরি হয়ে গেল দাদা
3486	আপনি আসলেই হিরো
3487	মাশাল্লাহ। বিএনপি বয়কট চাঁদাবাজ।
3488	যারা হাজারো পুরুষের আসক্ত তাদের এক পুরুষ দিয়ে হবে না তাই রুমিন ফারহানা মতো রাজনীতিবিদরা এরা হাজারো নেতাদের খাট কাঁপিয়ে এসেছে এরা বারোভাতারী
3489	তুই নিজেই একটা ভারতের র
3490	দাদা রুমিন ফারহানা হচ্ছে জাউরার জাওরা,,, আপনি আমাকে জাওরার জাওরা সীল মারলেন না কেন???
3491	ইনকিলাব জিন্দাবাদ
3492	জামাত-শিবিরের অনেক গুণ মসজিদের ভিতরে ইমাম খুন, দাঁড়িপাল্লায় ভোট দিন মসজিদ থেকে লাশ নিন, চাঁদার নয় হাদিয়া দিন।
3493	ভাই বিএনপি  প্রত্যেক বাসা দোকান কারখানা ইত্যাদিইত্যাদি থেকে ময়লার নামে রাতে পাহাড়া দারের নামে ক্লিনারের নামে ছিলিপ দিয়ে দিয়ে টাকা আদায় করে এ নিয়ে একটু কথা  বলবেন।
3494	বিএনপি আর আওয়ামী লীগ একই মূদ্রার এপিট অপিট
3495	বলছিলাম কি পিনাকী কাকু, এই বেডিরে বিয়া দিয়া আমাদের দেশবাসীরে বাঁচান।  বেডির ভিটামিন স্বামীর শাসন খুব দরকার।
3496	অন্তত তিন বছর পর নির্বাচন চাই।
3497	একমাত্র পিনাকী ভালো বাকি সব ভালা না আর কত পিনাকী করবে দাদা ও দাদা তুমি কি মুসলমান হয়সো নি।। এতদিন রুমিন ফারহানা ভালা আছিল এহান খারাপ হয়া গেসে গা তুমি এহন ফাউল হয়সো পিনাকি দা না ভাই 
3498	আরে দাদা রুমিন ফালতু, বহূরূপী বাঁচাল, তাকে নিয়ে সময় নষ্ট করেছেন কেন
3499	সেই আইক্কাওলা বাঁশটা দিল রুমিন ফারহানারে আরেকটা আইক্কাওয়ালা বাঁশ দেওয়ার দরকার
3500	ধন্যবাদ, পিনাকী দাদা।
3501	দাদা এই মহিলারে আরো বেশি বেশি করে বাঁশ দেন দেখলেই অসহ্য লাগে
3502	দাদা তুমি সত্য বলা ভুলে গেছ।
3503	রাস্তা একটা বাটপার রনি ফারহানা নিয়মিত
3504	শামীম ওসমান প্রায় সময় রুমিন ফারহানাকে খেলাধুলা করতেন,,, এটা কেউ মানেন আর না মানেন,,ওদের অন্তরঙ্গ দেখলেই বুঝা যায়,,,
3505	দাদা ঠিকই বলছে এই দেখছি সঠিক পথেই আছে বাংলাদেশের বুদ্ধিজীবীরা সাংবাদিকরা যদি ভাবে থাকত সঠিক পথে অবশ্যই বাংলাদেশ সঠিক স্থান দিয়ে কয়টি হয়
3506	সৃষ্টিকর্তা অনেক সময় অনেক কিছুই বুঝে শুনে করেন,, তাহার বড় উদাহরণ রুমিন ফারহানার বিয়ে না হাওয়া,,, যে বেটা ওকে বিয়ে করবে তাহার সারা জীবন বরবাদ হয়ে যেত,,,
3507	শিক্ষিত,, শয়তান
3508	দাদা রুমিন বিয়ে করেনা কেন?আপনার অনুসন্ধানে জানতে চাই।
3509	সেই রকম এটা ভিডিও
3510	দাদা, আপনার কথাগুলো 100% সত্য এবং দেশের মানুষের জন্য সতর্কবার্তা।
3511	রুমিন তোমাকে পাইলে মানুয গায়ের কাপড় খুলে নিবে ।
3512	অসাধারণ দাদা
3513	ফাসি আর জেল দিলে তর সমস্যা কি তুইত ভয়ে জীবনে দেশেও আসবি না সেই যে দৌড় খেয়ে পালিয়েছিস সেই গিয়েছিস ত গিয়েছিস ই সেখানকার সরকারের পায়ে ধরে আশ্রয় নিয়ে থাক। তুই মনে করিস তরে ফাসি আর জেল দিলেই কি তুইত দেশেই আসবি না।
3514	ঠাপা আবিয়াইত্তা গিমারে।
3515	টা সেই
3516	রুমিনকে কখনোই সংগতিপূর্ণ মনে হয়নি।  ননসেন্স কথাবার্তা বলে, অহংকারী মুর্খ।
3517	রুমি ফারহানা টাকার বিনিময় শীর্ষ সন্ত্রাসীদেরকে জামিন করাইতেছে
3518	ধন্যবাদ পিনাকী দাদা একবারে সত্য  নির্ভর সংবাদ তুলে ধরেছেন এই দালালদের আমরা সাধারণ মানুষ এদের আসল রুপ ধরে ফেলেছি
3519	রুমিন ফারহানার বাবা ড. অলি আহাদ ছিলেন আওয়ামী লীগের  প্রতিষ্ঠাতা সাংগঠনিক সম্পাদক।
3520	মমতাজের আপডেট ভার্সন ব্যারিস্টার রুমিন ফারহানা
3521	বুদ্ধি বেশি হইলেও আক্কেল কম। মজা পাইলাম।
3522	আধা ঘন্টা করে দেখার পরও বিরক্ত না লাগা আমি এক ক্ষুদ্র ব্যক্তি বলছি। 
3523	দাদা ওরতো হাসিনার মতো শামি নাই ওরে একটু মোদিরকাছে পাঠান
3524	ভালো দিছেন
3525	রুমিন ফাফহানা 
3526	দাদা সেলুট আপনারে 
3527	স্বামী নাই তো তাই বাশ খেলে ভালো
3528	ইনকিলাব জিন্দাবাদ।।
3529	তাড়াতাড়ি বিয়ে দিয়ে দাও
3530	বঙ্গবান্ধবী
3531	সকলের জানা উচিত  পিনাকির অতীতের কুকর্ম .যে বাংলাদেশের বগুড়া জেলার ২৯০ জন শিশুকে নকল ওষুধ দিয়ে হত্যা করেছে আর এখন ফ্রান্স বসে দেশ প্রেমের নাম দেশের অগ্র গতিকে নষ্ট করছে ! ://../?=23
3532	পিনাকি তোর জন্মের দোষ আছে
3533	তোমার জন্মের দোস আছে 
3534	তুমার বাপ যে দাদা পাকিস্থানের ছিল ওনার নাম যেন কি!চেহারায় কিন্ত মেলা মিল।
3535	তুই আকাডা কঠিন মুত পড়া খাইছিস সুদিনুসের বুজাই যাচ্ছে।
3536	একদম দাদার গঠন পাইছে রুমিন ফারহানা
3537	জয় বাংলা ধানের শীষ 
3538	মমতাজ প্রো 
3539	সাবাস দাদা ইনকিলাব জিন্দাবাদ
3540	ধন্যবাদ পিনাকী দাদা কে
3541	আপনারা খেয়াল করছেন ভারতের চ্যানেল এ রুমিন এর নাম লিখছে রুমিন ফাফহানা
3542	এই সমস্ত নষ্ট রুমিন ফাইরালার জন্য বিএনপি বান্গুু হু,গা মারা খাইবো
3543	তর মার হেডা
3544	নগর ভবনে দশ দিন ধরে  বাল বাজি করছে
3545	বাংলাদেশের রাজনীতিতে পিনাকী দাদার মতো এই কয়েকজন  দিকপাল হতে বর্তমান সময়ে দেশের মানুষের পক্ষে এবং এই বাংলাদেশ তার এই সংকট পূর্ণ সময় হতে উত্তরণে আরো কিছু দায়িত্বপূর্ণ ভূমিকা আমরা আশা করি। বর্তমানে সশস্ত্র বাহিনীর সক্ষমতা বিশেষ করে বিমান বাহিনীর দুর্বলতা দেশের স্বাধীনতা সার্বভৌমত্বকে গভীর সংকটে নিপতিত করেছে। অতএব বর্তমানে সশস্ত্র বাহিনীতে ভারতীয় দালাল মুক্ত করে সংস্কার এবং বিমান বাহিনীতে চাইনিজ জে-১০ সি পিএল ১৫ মিসাইল সহ অন্ততপক্ষে দুই স্কোয়াড্রন এবং পাকিস্তান হতে আধুনিক মিসাইল সিষ্টেম ফাত্তাহ সহ জে এফ ১৭থান্ডার দুই স্কোয়াড্রন কেনার মাধ্যমে এই দুই দেশের সাথে নিরাপত্তামূলক সামরিক চুক্তি করে দেশের বহিশত্রুর হুমকি মোকাবেলায় কার্যকর পদক্ষেপ নিলে দেশের রাজনৈতিক এবং আভ্যন্তরীণ সমস্যা ৮০% সমাধান হয়ে যাবে বলে আমাদের বিশ্বাস। আমি এই দেশের একজন ক্ষুদ্র জনগণ এবং জুলাই গণঅভ্যুত্থানের একজন ক্ষুদ্র কর্মি এবং এই দুই জন বিশাল ব্যাক্তিত্বের একজন ক্ষুদ্র ভক্ত হিসেবে দুই জনের কাছেই অনুরোধ করব তারা যাতে এই সংবিধান সংস্কারের পাশাপাশি এই দুটি বিষয় নিয়ে সরব হয়ে জাতীয় নিরাপত্তা উপদেষ্টা জনাব খলিল এবং প্রফেসর ইউনুস সরকারের উপর কার্যকর চাপ প্রয়োগের মাধ্যমে এই তিনটি বিষয় এই অন্তর্বর্তী সরকারের আমলেই সমাধান করেন। এগুলো সমাধান হলে তিস্তা চুক্তি কার্যকর হওয়া থেকে শুরু করে রোহিঙ্গা সংকট পর্যন্ত সর্বক্ষেত্রেই বাংলাদেশ ভারতীয় এবং বহির্বিশ্বের পরাধীনতা হতে মুক্তি পাবে এবং বাংলাদেশের মানুষ সত্যিকারের স্বাধীনতা সার্বভৌমত্ব উপভোগ করতে পারবে যেগুলো শুধুমাত্র এই সরকারের আমলেই সম্ভব।
3546	রুমিনকে পচাতে এই প্রমান গুলোই যথেষ্ট
3547	আপাকে ধোঁয়ার জন্য ধন্যবাদ দাদা
3548	ভোটের রাজনীতি মানে কৌশল ,,, দাদা বিএনপি সে কৌশলে হেরে যাচ্ছে। স্বৈরাচার কাছে কখনো হার মানেন নাই। সত্য প্রকাশ করলে হেডম লাগে সেটা আপনার ভিতর আছে দাদা
3549	আমি জানিনা আমার কমেন্টি পড়বেন কিনা। আমার কথা হলো যে বিএনপি যে বলে আমরা চাদবাজ না। তাহলে ক্ষমতাই না যেয়েই কি ভাবে তারা ইউনিয়ন পরিশোধ গুলো কাদের দখলে সেই পাঁচই আগষ্টের পর থেকেই এটাকী আইনি ভাবে আছে। দেশকি প্রশাসন নেই। জানিনা বুজাতে পরছি কি না।
3550	একদম ভরে দিছে 
3551	দাদা আপনি একটা জিনিস
3552	দাদা,,,এই তো একটা ঘুপশি
3553	দেশে আহো কাকু
3554	রুমিনের চিপা দিয়ে ডুকিয়ে দিলেন পুরোটা
3555	 যে চাঁদাবাজ দের বিরুদ্ধে আমি তার পক্ষে। যে দখলবাজদের বিরুদ্ধে আমি তার পক্ষে। যে ভারতীয় আগ্রাসনের বিরুদ্ধে আমি তার পক্ষে। হোক সে হিন্দু বৌদ্ধ বা মুসলিম। আমি জনগণের পক্ষে ন্যায়ের পক্ষে। কল্যানের পক্ষে।।
3556	একজন পিনাকি হাজার জন বিএনপির নেতা কর্মী র চাইতে উত্তম। পিনাকি দার একটা কন্টেন্ট বিশ্ববিদ্যালয়ের ১০টা ক্লাসের সমান।
3557	এই ইডিটর সাহেব এর সাথে দেখা করতে চাই পিনাকী দা
3558	একজন ভন্ড মহিলা।
3559	আওয়ামী ফ্যাসিবাদের সময় যারা ভালো থাকবে, তারা এই সময় ভালো থাকবে না এটাই স্বাভাবিক।
3560	সেই হয়েছে দাদা
3561	ইরান ফিলিস্তিন জিন্দাবাদ বাগেরহাটের মোল্লা হাট উপজেলা থেকে জামায়াতে ইসলামী বাংলা দেশ জিন্দাবাদ
3562	দাদা আপনি এখনো ভাল
3563	ফজু পাগলা 
3564	রাইট
3565	বি এন পি র বেশ্যা
3566	 ইনকিলাব জিন্দাবাদ
3567	নষ্ট  মহিলা মুনাফেকী করা এর ধর্ম। আওয়ামী ও ইনডিয়ান ইসকনের  হয়ে কাজ করে।
3568	দাদা যে মারটা দিলেন।
3569	চাঁদাবাজের আশ্রয় প্রশ্রয়দাতা রুমিন ফারহানা ভারতের দালাল। ফ্যাসিবাদের দোসর
3570	রুমিন ফারহানা শিখতে পারেনি যে, মিথ্যা কথা উচ্চ শব্দে বললেই সেটা সত্য হয়ে যায় না। ভারতের গণমাধ্যমে নিজ দেশেের গীবত, পরচর্চা করে নিচু রুচীর পরিচয় দিয়েছেন রুমিন ফারহানা।
3571	রুমিন ফারহান একজন লোভী মহিলা | হাসিনার কাছে দুই কাটা জমি আবেদন করেছিল এজন্য হাসিনার সাথে ও দেখা করেছিল | কিন্তু কাজ হয়নি পায়নি জমি
3572	বাঁশ টা সঠিক জাগায় দেয়া হয়েছে, আমার যে কি ভাললাগতাছে।
3573	দাদা রুমিন আপার যে বয়স কি করে একা থাকে! বিয়ের সাদি কি করবে না
3574	ভারতের দালাল রোমি
3575	রুমিন একটা ফালতু মহিলা
3576	দাদা অনেক ধন্যবাদ আপনাকে 
3577	শেক চোখমারানি রুমিন ফারহানা কে বাশ দিলো পিনাকি দাদু
3578	এইসব করে উস্কে দিয়ে উসকে দিয়ে দেশের অবস্থা খারাপ করে আপনার লাভ আপনার তো বাহিরে আছেন আপনার কোন সমস্যা নাই আমরা যারা দেশে আছি আমরা খুব অশান্তিতে আছি এগুলি ছাড়ে দেশকে আগে এগিয়ে নিয়ে যান ভালো হবে
3579	আপনি একটা ভন্ড লোক
3580	দাদা আপনার জন্যই আমরা ভুলো মন বাংগালী পিছনের কথা গুলো মনে করতে পারি
3581	সবসময় পাশে আছি এগিয়ে যান
3582	দাদা, স্যালুট।
3583	আসসালামুয়ালাইকুম ভাইয়া আমি সোনারগাঁও থানার হোসেন পুর, পিরোজপুর উচ্চ বিদ্যালয়ের  উপবৃত্তি প্রদান করা হয়েছে যেসব ছেলে মেয়ে মাষ্টারদের কাছে কোচিং করে তাদের কে দেওয়া হয়েছে আর একজন গরিব ও রিস্কা চাল দিন মুজুর ছেলে মেয়ে দের কে দেওয়া হয়েছে না এইটা একটু দেখবেন
3584	ভাই পেনকেক আপনিও কিন্তু একী দলে। আপনি ত আরো ভয়ংকর ফিতনা ছরান। আপনার কি মনে হয়না আপনার রবের সামনে একদিন দারাতে হবে।
3585	মাথা না থাকলে জ্ঞান হয় না আপনার অবস্থা একই
3586	উফফফ কি যে ভাল লাগতেসে রে ভাই ! ওরে বাঁশ-ডলা টা আরো আগেই দেওয়া উচিৎ ছিল দাদা। স্যালুট
3587	সবার মুখোস খুলে দিন
3588	ও তুমি ফ্রান্স থাকো।। নাস্তিক এর দেশ
3589	যে পাতে খায় সেই পাতেই পায়খানা করে।এই মহিলা।
3590	রবিন ফারহানা তোমার কথায় কথায় ব্যথা আমি আবার আসতেছি তোমার ফ্ল্যাটের নিচে যেরকম দাঁড়িয়ে অকথ্য ভাষায় গালাগালি করছে আমিও করবো ইনশাল্লাহ কিন্তু ভদ্রতার সহিত টোকাইদের কে নিয়ে নয় তোমার মানে তোমার সাথে যারা অ্যাডভোকেট করে অ্যাডভোকেট তোমাকে গালিগালাজ করবে,,,
3591	এই কথার পর যদি নির্বাচন 
3592	দাদা কিন্তু হেব্বি মজার মানুষ লাভ ইউ দাদা 
3593	দাদা রুমিন ফারহানা কে নিয়ে আরো একটা এপিসোড তৈরি করেন,যাতে করে সে বিয়ের আগে গর্ভবতি হয়ে যায়।
3594	সহমত দাদা রুমিন আওয়ামী দালাল
3595	বহুরূপী, এক জটিল চরিত্রের মহিলা, ভাইরে ভাই।
3596	অসংখ্য ধন্যবাদ দাদা। শেখ রুমিন কে আমাদের বাংলাদেশের মানুষের সামনে তার আসল পরিচয় তুলে ধরার জন্য। এবার মানুষ তাকে ভালোভাবে চিনবে আসলে সে কোন দলের হয়ে কাজ করে।
3597	দূর বা....! আমি তো আপনার প্রেমে পড়ে যাচ্ছি, যাচ্ছি কি কই গেছি।
3598	অভিনয়ের জন্য নারী সেরা রেহ
3599	দাদা এ একটা নর্তকী এর কথা শুনলে মাথা নষ্ট হবে।
3600	মহিলা দ্বিচারিণীর মতো কাম করে। একবার বলে নিরাপত্তা ছিলো না আবার বলে নিরাপত্তা নাই। তাকে বি এনপি নমিনেশন দিলে পঁচে যাবে।
3601	উফ, একদম উদোম করে দিলেন দাদা! সেই হইছে!
3602	খুব সুন্দর একটি এপিসোড ছিলেন দাদা, স্যালুট
3603	আরেকটা সিল মারেন এই শালীরে,,,,
3604	দাদা ফজু পাগলারে নিয়া একটা এপিসোড বানানো হোক।
3605	রুমিন ফারহানা মহা ধান্দাবাজ, সে ভাবে কেউ সেটা ধরতে পারবে না। প্লটের লোভে আওয়ামী লীগের পা চেটেছিল সে, সেটা ফাঁস হয়ে যাওয়ার পরে আবার ভীষন ভাবও নিয়েছিল প্রত্যাহার করে!  সরকারের কাছে প্লটের আবেদন ও প্রত্যাহার নিয়ে যা বললেন রুমিন ফারহানা |  
3606	রুমিন ফারহানা কেকেউ বিয়ে করে না ভাবছিলাম আমি বিয়ে করবো কিন্তু ভাই পাগল ধরেবউ বানানো যায় না
3607	দাদা খুব মজা লাগছে হাসতে হাসতে পেট ব্যাথা হয়ে গেছে
3608	এজন্যই তো উনার বিয়ে হয় না।
3609	রাজাকারের বাচ্চারা এই জায়গায়
3610	রাজাকার
3611	ডলা ঠিক মত হইছে
3612	এরকম বাঁশ  ই দরকার ছিল। ধন্যবাদ
3613	আপনার ভিডিওগুলো আমার খুব ভালো লাগে পিনাকি দাদা আপনার মতো বিশ্লেষন গুলো
3614	অবিবাহিত রুমিন মাগীর হেটার মাল মাথায় উঠে গেছে,, ওরে সেই মাপের ঠাপ দেওয়ার জন্য পিনাকিনী দাদা আপনাকে ধন্যবাদ 
3615	আপার বিয়ের আগে নির্বাচন চাই না
3616	সত্যি কথা বলতে এই মহিলাকে অনেক ভালো লাগতো! আওয়ামিলীগ এর আমলে টকশো তে যেয়ে যে সত্য উন্মোচন করতো তা সাহসের পরিচয় রাখে বলে আমার ধারনা ছিল কিন্তু ৫ তারিখের পর তার আসল রুপ বের হয়ে আসে!
3617	দেরিতে হওয়া সবকিছুই সুন্দর হয়। ইনকিলাব জিন্দাবাদ
3618	বিএনপি বলে আওয়ামী লীগ হলে ভালো ছিল
3619	ভাইয়া আমি আপনার সাথে কথা বলতে চাই কি ভাবে হবে
3620	কি যে বলব
3621	রুমিন একটা বেসসা
3622	কাকা করছেন ডা কি?? 
3623	বাংলাদেশের মানুষ পরিশ্রম করে খেতে কষ্ট হয় তাই তারা জনগণের সেবা করার জন্য পাগল  কারন সেখানে তাদের পরিশ্রম করতে হয় না চাদা বাজি টেন্ডার বাজ করে খাবে
3624	দাদা ওর কি লিংক নাই? আমি ভাইরাল করতাম চাই।
3625	দাদা রুমিনের একটা জামাইর ব্যবস্থা করে দেন, দেখবেন তখন সব ঠান্ডা হয়ে গেছে 
3626	রুবিনা রে মুসলমানি করাইতে হবে
3627	তাহলে তো সবার বিছানায় খটকা পাইছে
3628	সঠিক কথা তুলে ধরার জন্য ধন্যবাদ
3629	পিনাকি তাতে লাভ কি?
3630	এখানে রুমিন ফারহানার কোনো দোষ নেই ৩ দিন হাগু  না হলে এমন ই হওয়ার কথা কারন পেটের গ্যাস মাথায় উঠে যায়
3631	রাইট কথা গুলো আপনার ব্রুনাই থেকে দেখচি বিএনপির আচরন আওমিলিগের মতো দেখতেচে হাচিনা যাওয়ার পর থেকে
3632	রুমিন কে বয়কট কর সবাই
3633	যত সব নষ্টের মুল হলো এই  দাদা 
3634	বুদ্ধি বেশি হলেও আক্কেল কম।
3635	আপনি একজন দেশ প্রেমিক আপনার জন্য শুভকামনা
3636	অসংখ্য ধন্যবাদ। নিজে তো পারমু না, আপনার দিকেই চেয়ে ছিলাম, এই মা...গি রে বাশ দিবেন। আপনি দীর্ঘজীবি হন। আপনার দরকার আছে।
3637	আপনার মতো একজন মানুষ আছে বলেই আমরা সত্য টা জানতে পারি
3638	, তোর কবরে মুতবে বাঙালি দিবস বানিয়ে ,দেশে আয় ।
3639	আরো আগে বাশ দেয়া উচিৎ ছিলো
3640	শান্তি অনুভব করছি পিনাকি দা
3641	এমনভাবে প্রমাণ সহ এমনভাবে কাউকে ধুয়ে দিতে আপনিই সেরা।
3642	সাব্বাস,, আমরা পিনাকির জন্য শুভকামনা করছি।
3643	শামীম ওসমানের খাট কাঁপানো রুমিন
3644	কী ফাইন করে আও করিচ্চে।
3645	প্যান্টি টা অন্তত না খুললে ভালো হতো।
3646	দাদা বিএনপিকে মন থেকে পছন্দ করতাম। শহীদ জিয়ার আদর্শের দল হিসেবে এখন এদের আচরণ এতটাই মনঃক্ষুণ্ণ যে এদের নাম শুনলে ঘৃণা লাগে। প্রতিটা থানা প্রতিটা জেলায় এদের অত্যাচার এতটাই বেশি হয়ে গেছে যে সাধারণ মানুষের ধৈর্য সীমার বাহিরে চলে গেছে। মানুষের মনে এখন একটা ভয়ের জন্ম নিয়েছে যে নির্বাচনের আগে যদি এই অবস্থা হয় তাহলে নির্বাচনের পরে কি হবে
3647	আপনি ও কিন্তু মাঝে মাঝে ফাওল, করনার,  করেন।
3648	রুমিন ফারহানা- ১০০% ঠিক বলেছেন।
3649	রুমিন একজন একনিষ্ঠ দালাল
3650	রুমিন ফারহানার মুখোশ উন্মোচন করার জন্য দাদাকে অনেক ধন্যবাদ।️️
3651	এবার ঠিক আছে 
3652	সালাউদ্দিন আহমেদ কে আরেকটা ভিডিও বানান। উনি একটু বেশিই পক পক করে।
3653	দাদা অনেক দিন পরে একটা ছিল পাইলাম,,,ধন্যবাদ আপনাকে
3654	দুই রানের মাজে ব্যাথা।
3655	আপনি ও পারেন বটে
3656	খুব মজা লাগিছে বলে দিলাম দাদা 
3657	তোর মাথায় সমস্যা আছে,ঝাউরা, তুই তো ঠিক মতো বাংলাইতো বলতে পারস না
3658	ধন্যবাদ পিনাকী ভাইকে এমন বাস্তবতাকে তুলে ধরা র জন্য । ঘৃণার থুথু নিক্ষেপ করলাম রুমিন ফরহানার উপর।
3659	আমার রাজনৈতিক কোন কথা ভালো লাগে না, কিন্তু আজকে মনটা খারাপ  তাই মন ভালো করতে ভিডিও টা দেখতে আসলাম, খুব হাসি পায় দাদার কথা বার্তা শুনলে 
3660	শান্তিতে বসবাস করার পরিবেশ বানাবে। হতাশ বাংলাদেশের জনগণ ।    কে দেখতে চাই, দেশের গুরত্ব যেকোন জায়গায়
3661	বাংলাদেশে সরকারে গুরুত্বপূর্ণ স্থানে সৎ মানুষের বিরল , যে কিনা দেশকে শান্তিতে বসবাস করার পরিবেশ বানাবে।  হতাশ বাংলাদেশের জনগণ ।    কে দেখতে চাই, দেশের গুরত্ব যেকোন জায়গায়
3662	বাংলাদেশে সরকার গুরুত্বপূর্ণ স্থানে সৎ মানুষের বিরল , যে কিনা দেশকে শান্তিতে বসবাস করার পরিবেশ বানাবে।   হতাশ দেশের জনগণ     কে দেখতে চাই , দেশের গুরত্ব যেকোন জায়গায়
3663	পাপিয়া প্রবাসীর বিরুদ্ধে কথা বলছে,,, দাদা  দেন সিল লাগায়া 
3664	দাদা সিল একটা কম হয়েছে কিন্তু আজকে 
3665	জামায়াতে ইসলামী জিন্দাবাদ  ইনকিলাব জিন্দাবাদ
3666	কাল নাগীনি
3667	রুমিন, তুই বাটপার
3668	চমৎকার বাঁশ দাদা
3669	এর মত একজন মেন্টরের কথা শুনে যারা তারাও মেন্টাল
3670	চমৎকার ছিল চমৎকার ধন্যবাদ দাদা
3671	সরকার শুধু সরকারি স্কেলে বেতন বাড়ানো নিয়ে ব্যস্ত থাকে আর লক্ষ লক্ষ শ্রমিক গার্মেন্টস শ্রমিকদের বেতন নিয়ে কেউ কোন চিন্তাই করে না বিষয়টা ঠিক না দয়া করে ফি নাকি দাদা একটু এই বিষয়ে তুলে ধরবেন প্লিজ লক্ষ লক্ষ শ্রমিক যে বেতন পায় সংসার চালানো অনেক কষ্ট হয়ে যায় প্লিজ শ্রমিকদের বিষয়ে একটু কথা বলার জন্য আপনাকে বিশেষভাবে আহ্বান জানাচ্ছি আমরা শ্রমিক পক্ষ থেকে
3672	বেশির ভাগ কথাই বাস্তবতা থেকে দূরে, রেটরিক।
3673	আপনি আসেন বাংলাদেশে। আপনাকে খুজছে বাংলাদেশ
3674	যারা সত্যি কথা বলে তারা অজনপ্রিয় হন। রুমিন ও ফজলু এর উদাহরণ।
3675	পিনাকি দা জিন্দাবাদ। বাংলাদেশ জিন্দাবাদ।  ১০০% ঠিক বলেছেন। রুমিন ও ফজলু দুইডা ই  ও আওয়ামী লীগের দালাল।
3676	পিনাকী দাদা, এই মাগিরে দেখাইলে বারেবারে ওগো ভাইঙ্গা যায় ভাই আমি খাগড়াছড়ি থেকে বলতেছি
3677	নাকি দাদা আমি দেশ প্রেমিক মানুষ আপনাকে অনেক ভালোবাসি এই মাগীরে আপনি বারে বারে দেখেন না ভাই আপনার অনুরোধ করি ও তো বাজারের ম*** দেশের কি বলে বোঝেন নাই কি বলে
3678	আমি তো দিমু না আমার 14 গোষ্ঠীরেও বিএনপিরে ভোট দিতে দিমুনা  এরা খারাপ মুনাফিকরা
3679	রুমিন ফারহানা ইসরাক ফজু পাগলা এদের জন্য বিএনপির ভোট অনেক কমে গেছে
3680	শেখ রুমিন ফারহানা
3681	আওয়ামীলীগের নেতাকর্মি ১০ কোটি মানুষের কাছে পিনাকী ভট্টাচারিয়াও অত্যন্ত ঘৃনিত একটি নাম ।
3682	সেই হইছে
3683	খোব ভাল হবে, নির্বাচন পাঁচ বছর পরে হলে।
3684	এক রুমিন ফারহানই যথেষ্ট বিএনপিকে ডুবানোর জন্য
3685	দাদা একটা মাল। সেই হইছে
3686	একে আগে ভালো লাগতো এখন বুঝতে পারছি এই ব্যাক্তিও কম কিছু না
3687	মুখোশ খুলে দিলো 
3688	রুমিনের খাস দালালের সিল মারার সিনটা সেরা ছিলো 
3689	অনেক সুন্দর আলোচনা
3690	বিএনপি বয়কট
3691	 নাকি এনালাইসিস 
3692	 দলের তুরিন আফরোজ হল রুমিন ফারহানা। নিজে তো পঁচে গেছে এবারে  কেও পচাবে।
3693	ফজু পাগলের সাথে শেখ রুমিন ফারহানার বিয়ের অনুষ্ঠানে আপনারা  আমন্ত্রিত 
3694	দাদা তুমি তোমার জবাব তোমার সাথে কারো তুলনা চলতেছে না বাংলাদেশে চালিয়ে যাও
3695	আওয়ামী সরকার এর সময় এই বেড়ির কথা সাহস জোগাতো। কিন্তু এখন এই বেড়ি কেমন যেনো আওয়ামী-লীগকে আনতে চায়। যায়গায় পল্টি মেরে দিলো।
3696	এই মহিলা একটা দালাল
3697	আমার মতে দুই টা দায়িত্ব একটি স্বরাষ্ট্রমন্ত্রী আরেকটি স্বাস্থ্যমন্ত্রী দেওয়া হোক পিনাকি স্যার কে
3698	বান্ধবী ললিতা টা খুব সুন্দর ছিল
3699	উনাকে সুন্দর করে ধরে শশী দেন না হোলে সে ভালো হবে না
3700	মাগীবাড়ি র।মাগী
3701	অসাধারণ দাদা। ওরে বাঁশ দেওয়াটা সুন্দর হয়ছে
3702	স্যালুট
3703	বিএনপিকে নির্বাচন ছাড়া ক্ষমতা দেওয়া হোক
3704	একদম ঠিক কথা বলেছেন এই ভিডিওটি অপেক্ষা ছিলো
3705	এক কথাই অসাধারণ দাদা
3706	রুমিন ফারহানা আওয়ামী লীগের আমুলে তার গাড়ি বোরে হামলা করেছিল
3707	দাদা আপনাকে আমার পক্ষ থেকে আপনাকে সালাম আপ্নে আমাদের দেশের অহংকার আপনাকে নিয়ে আমাদে গর্ব
3708	দাদা আপনার সাথে কথা বলতে চাই 
3709	এটা আবার কওয়া লাগে নাকি আবিয়াত্যার কোন জায়গায় ব্যাথা জানেন না 
3710	ইনকিলাব জিন্দাবাদ 🇧🇩
3711	রুমিন এর স্বামী বিদেশে।  তাই বুঝেনই তো।
3712	বিএনপি কে আমি এখন ভোট দিতে পারলেও  বিএনপিকে ভোট দিতাম।না,আমি কিন্তু মনে প্রানে বিএনপি কে ভালোবাসি,, কিন্তু বর্তমান এ বিএনপি হ্মমতা লোভী হয়ে উঠেছে,, এটা তাদের কাজ কাম কথা বার্তায় ফুটে উঠেছে।
3713	দাদা এগিয়ে যান আমরা আপনার পাশে আছি,,
3714	এই মাগীকে নিয়ে ভিডিও বানানোর দরকার ছিল!!!!!
3715	এই রুমিনদের জন্য বিএনপির বদনাম হয়
3716	ভাইয়া, আওয়ামীলীগের বয়ানে যেটা পেলাম, তাদের সাথে ভারতের স্বামী-স্ত্রীর সম্পর্ক আর আজ জানতে পারলাম আওয়ামীলীগের সাথে বিএনপির ভাই-বোনের সম্পর্ক। তাহলে ভারতের সাথে বিএনপির কি সম্পর্ক দাড়ালো? ওরা ওদের সম্পর্ক নিয়ে থাকুক। আমাদের দেশের দায়িত্ব ওদের না নিলেও হবে। আপনি দেশের জন্য অনেক ভুমিকা রেখেছেন সারাটা জীবন আপনার কাছে এ দেশ কৃতজ্ঞতা প্রকাশ করবে। আরো এরকটু করেন ভাইয়া, যে করেই হোক ইসলামী দলগুলিতকে একত্রিত করে দেন।  ! নতুন করে সম্পূর্ণ নতুন এক সরকার দেখতে চাই।  !  ! আপনি এবং ইলিয়াস ভাই নিশ্চই পারবেন। এ দেশের জনগণ এবং সিংহ ভাগ রাজনৈতিক দলের কাছে আপনাদের সম্মন ও গ্রহণ যোগ্যতা অপরিসীম। তো  ! ! ভাইয়া।
3717	রমিন ফারহানা আওয়ামী লীগের দালাল ভারতের এজেন্ট
3718	রুমিন ফারহানাকে বিএনপি হতে বহিস্কার করা হউক।
3719	কি বলব দাদা মনটা জুড়িয়ে গেল কি ফোন মেরে দিলেন
3720	জাউর জাউরা মাইরা দেন তিনবার
3721	বেশ্যার রুমিন।দেহ ব্যবসায়ী
3722	রুমিনের বিয়ে দিতে চাই!কেউ পাএ আছে নাকি? 
3723	সঠিক  কথা বলেছেন পিনাকী দাদা।
3724	দুই  নামবার মহিলা একটা।
3725	রুমিতুইরাজাকা্য
3726	ফাউল বেশি করলে লাল কার্ড পায়, তাই দেরি না করে লাল কার্ড দেওয়া হোক।
3727	আমার তো কেন জানি মনে হচ্ছে রুমিন ফারহানা শেখ মুজিবের মেয়ে লাগছে
3728	মেয়ে বিয়ে না করে মহিলা হয়ে গেলে এমন-ই হয়..।  মোদির সাথে একে বিয়ে দেওয়া হোক
3729	ধন্যবাদ দাদা আপনাকে মুখোশ খুলে দেওয়ার জন্য
3730	রুমিন পায়খানা কে। সতর্ক করে দিচ্ছে। ইউনুস স্যার কে সম্নন করা  শিখে নাও
3731	দাদা ভাই রুমিন পায়খানা কে রাজনৈতিনী আইন শিখিয়ে দেওয়া হোক
3732	"আওয়ামী লীগ হল ভারতের আউটলেট" -লেখক  মহীউদ্দিন আহমেদ ! ভারতকে বাংলাদেশে গাঢ়ে   ঢুকানোর  এই আওয়ামী লীগের কোন অধিকার নাই বাংলাদেশের রাজনীতি করার   ৭১ এ বাংলাদেশ ভারতের সাহায্যে স্বাধীন হয়েছে পাকিস্তানকে তাড়িয়ে । ২৪এ বাংলাদেশ নিজস্ব শক্তিতে স্বাধীন হয়েছে ভারতকে তাড়িয়ে ! জুলাইএর গুরুত্ব অপরিসীম । জুলাইকে অস্বীকার করলে বাংলাদেশের সভেরিন্টি থাকে না ! জুলাইকে ধারন করেই আগামীর বাংলাদেশের রাজনীতি হতে হবে ! বিএনপির উচিত ছিল জুলাই বিপ্লবের জন্যে ছাত্র জনতার ত্যাগকে  স্বীকৃতি দিয়ে বয়ান সৃষ্টি করা বিএনপি ও খালেদা জিয়া ১৫ বছরের তিল তিল করে  ফ্যাসিষ্ট বিরোধি আন্দোলনে যে শক্তি জুগিয়েছিল এ টি না হলে জুলাই বিপ্লব সফল হত না। হাসিনাকে তাড়াতে  ছাত্র জনতার জুলাই বিপ্লবের সফলতা যে ফাউন্ডাশনের উপরে দাড়িয়েছিল  সে টি হল বিএনপি ও খালেদা জিয়ার আপোষহীন সংগ্রাম ! এ তে করে জুলাই বিপ্লবীরা ও বিএনপি এক সাথে  বাংলাদেশের উপরে ভারতের অগ্রাসনের বিরুদ্ধে দেশপ্রেমিক রাজনীতি গড়ে তুলতে পারত আগামীতে ! বিএনপি জুলাই বিপ্লবকে হাইজ্যাক করার  চেষ্টা যতই করুক মানুষকে বোকা বানাতে পারবে না।  মানুষ জানে জুলাই বিপ্লবের অগ্রগামী সৈনিকেরা কারা ! বিএনপির উচিত ছিল জুলাই বিপ্লবকে হাইজ্যাকের  চেষ্টা না করে জুলাই বিপ্লবের সাথে মিশে যাওয়া !! কারন বিএনপির বহু  কর্মী জুলাই বিপ্লবে শহীদ হয়েছে !  মনে রাখবেন বিএনপির যারা  জুলাই ও বিপ্লব ও জুলাই বিপ্লবীদের বিরুদ্ধে বিষাদাগার করবে তারা ভারত ও আওয়ামী লীগের এজেন্ডা বাস্তবায়ন করছে ! ভারত ও আওয়ামী লীগের ১ নং উদ্দেশ্যই হল জুলাই বিপ্লবকে  মেলাইন করা ।  এটা করতে পারলে ভারতের আউটলেট আওয়ামী লীগকে বাংলাদেশের প্রতিস্থাপন করা 
3733	শেখ রুমিন ফারহানা,  লেডি সন্ত্রাসী
3734	নটু মেয়ের জন্য, রাতের  ঘুম ভেঙে দেওয়ার জন্য আওয়ামী দালাল 
3735	দাদা আপনার পায়ে পড়ি,রুমিনকে আর বাঁশ দিয়েন না। সে আর নিতে পারবেনা। সে ভালো হয়ে যাবে।
3736	ঐ মহিলা  একটা অশব্ব?
3737	পিনাকি দাদা, ভালোই বলছেন?
3738	দেশকে শান্ত করুন আপনার কাছে আমার এটাই দাবি সাধারণ জনগণ হিসেবে
3739	ফজু পাগলারে দেখলেই কেন জানি উন্মাদ মনে হয়,,,   ওর প্রতিটি কথা দেশদ্রোহী
3740	ফজা পাগলা আসলে ভুয়া মুক্তিযোদ্ধা হালার কথায় স্পষ্ট বুঝা যায়
3741	পাগলা কথায় কট খেয়ে গেলো 
3742	এই ব্যাটারে শুরু থেকেই বাটপার টাইপের ভাবছিলাম, ধন্যবাদ দাদা আমার ধারনাকে বাস্তবে বিশ্বাস করানোর জন্য, ধোলাই টা কঠিন ছিলো।
3743	পিনাকির মতে মতিউর  রহমান নিজামী বীর মুক্তিযোদ্ধা
3744	মুক্তিযোদ্ধা পিনাকী 
3745	ফালতু লোক।
3746	দাদা কে ধন্যবাদ ও স্যালুট জাতির দুঃসময়ে সঠিক ইতিহাস তুলে ধরার জন্য, নতুবা চেতনা বিক্রি কারি ভারতীয় মালাউনদের দালাল বাকশাল কায়েম কারী ভূয়া মুক্তি যোদ্ধারা দেশবাসীকে দুকা দিতো।
3747	সবই ভুয়া
3748	গাঁজা খেয়ে কথা বলে পজা
3749	অসাধারন তথ্য তুলে ধরেছেন স্যার, এভাবেই কিছু বাইনসুল দিনের পর দিন আমাদের ভুল তথ্য জোর করে গিলিয়েছে আর মুক্তিযুদ্ধকে পুজি করে অঢেল সম্পদের পাহাড় গড়েছে
3750	ইউনির্ভাসিটির গ্রেডিং সিস্টেম যে এলাদা। কোন বিশ্ববিদ্যালয়ের শিক্ষার্থীদের জন্য কতটা ভালো/খারাপ প্রভাব ফেলবে তা নিয়ে একটা রির্পোট বানানোর জন্য অনুরোধ রইল।
3751	দাদা জাহিদ টক এর ব্যবস্থা নেন তো। এতো খুব উল্টাপাল্টা কথা বলতেছে।
3752	ফজা পাগলার মুখোশ খুলে দেওয়ার জন্য দাদাকে অসংখ্য ধন্যবাদ ইনকিলাব জিন্দাবাদ
3753	পাকিস্তানি সেনাদের নাম সারা বিশ্বে বলে সারা বিশ্ব জানে পাকিস্তানি সেনা খুব সাহসী আর সেখানে তোমার মতন খুঁজে পাগলের মতন তিনজনের দিকে তাও টরেন্ট প্রাপ্ত প্রাপ্ত তিনজনের দেখে ১৫৫ জন পাকিস্তান আর্মি পলেসিলে গেল কপাল পোড়া এই জাতির এই জাতির সামনে যা যে বলে মেনে রাখে মেনে নেয় যাতে কোনদিন যাচাই করে না ডাক্তার রাস্তায় যদি জাতি করছো ৩০ লাখ লোক মারার কাহিনীটা মানুষ জানতো ধর্ষিত হয়েছে সেটাও জানাতে নীতি যোগ দিয়েছিল সেটাও জানা যেতে কত লোক ভারত ম্যারি আছে বাংলাদেশের মুক্তিবাহিনীকে সেটাও জানাবে কতটা পাকিস্তান মেরেছে সেটাও জানা আগস্ট ইসলাম বাদে কতগুলো লোক মারা গেছে এইসব বেকার জায়গা এই কাজের পিনা কি দাদা ঠিক আছে  ভাই তার মাথা র তার দুই টা খুলে গেছে
3754	তুই ভুয়া
3755	যাত্রা বাড়ির সেক্টর কমান্ডার যেমন ধর ধর  বলে যাত্রাবাড়ি মুক্ত করেছে  ফজু পাগলাও তেমন সেক্টর কমান্ডার 
3756	ফজা পাগলা যখন থেকেই মুক্তি যুদ্ধ  নিয়ে গলা বাজি শুরু করেছে তখন থেকেই নিশ্চিত হয়েছি পাগলা ভুয়া মুক্তি যোদ্ধা 
3757	দাদা ইসলামের দাওয়াত দিলাম  আপনার মন যদি বলে ইসলাম ধর্ম গ্রহণ করিয়েন।
3758	দাদা মানে হিরো
3759	এখানে যা দেখলাম এরা সবাই মানসিক ভারসাম্যহীন
3760	এর দ্বারা সে ভুয়ামুক্তিযোদ্ধা প্রমাণিত হয় না স্যার। তিনি রনাংগনে ছিলেন এটা অস্বীকার করতে পারেন না
3761	শালায় কত বড় বাটপার........ ডাউকিতে অবস্থান কইরা জাফলং এবং তামাবিলে একসাথে যুদ্ধ করে।
3762	বাটপার তরে মানুষ এ্খন ভালো করে চিনে
3763	ছাগলে কি না খায়, ফজা পাগলা কি না কয়
3764	ওনার বয়স হইছে কিন্তু মুখস্ত বিদ্যা টা ভালোই আয়ত্তে রাখসে 
3765	ফজু পাগলা ভারতের দালাল এদেরকে আইনের আওতায় আনা হোক
3766	বেশ্যার বেটা পিনাকী
3767	যদি আপনি সত্যিই একজন ভালো ডাক্তার হন, তবে এখন বাইরে কেন আছেন? এখন তো হাতে ক্ষমতা, তাহলে বাংলাদেশে এসে কিছু ভালো কাজ করুন
3768	ফজু পাগলা ভারতের দালাল এদেরকে আইনের আওতায় আনা হোক
3769	দেশ ধ্বংসের মূলে আপনারাও কম না দেশকে ভালবাসলে অবশ্যই আপনারা দেশে আসতেন দেশে থেকে চাপাবাজি করতেন না
3770	আসসালামু আলা মানিততাবাআল হুদা।   প্রিয় পিনাকী ভাই!  আপনি আমার রক্তের ভাই। আপনি সবসময়ই মাজলুমের পক্ষে কথা বলে যান মাশাআল্লাহ। আপনি সত্যিকার অর্থেই একজন বড় মনের মানুষ এবং একজন খাঁটি দেশ প্রেমিক। বাংলাদেশের লক্ষ লক্ষ আলিম ও মাদ্রাসার ছাত্ররা আপনার প্রতিটা এপিসোড দেখে থাকেন। আপনি এমন এক দায়িত্ব পালন করছেন যা অন্য কেউ করে না।   তাই আমরা সকলেই আপনার কাছে অনেক অনেক ঋণী। আপনার ঋণ আমরা কখনোই শোধ করতে পারবোনা। দুয়া করি আল্লাহ যেন আপনাকে উত্তম বিনিময় দান করেন। আমীন ইয়া রব   তবে আপনার একটা গুরুত্বপূর্ণ আমানত আমাদের কাছে রয়ে গেছে, যেটা আমরা এখন পর্যন্ত আপনার কাছে পৌঁছে দিতে পারিনি। যদি পৌঁছে দিতে পারি তাহলে কিছুটা হলেও আপনার ঋণ আদায় হবে বলে আশা করি ইনশাআল্লাহ।   আর তা হলো ইসলাম। আপনাকে আন্তরিকতার সাথে ইসলামের দাওয়াত দিচ্ছি। ইসলাম আপনারই ধর্ম। তাই এই ধর্মকে আলিঙ্গন করে পরকালের অনন্ত অসীম কালের আগুন থেকে নিজেকে বাঁচানোর জন্য আপনাকে অনুরোধ করছি।  প্রিয় পিনাকী ভাই!   আপনি একজন সচেতন মানুষ। আপনি অনেক সচেতনতার সাথে আমাদেরকে দুনিয়াবী অনেক বিপদ-আপদের বিষয়ে সতর্ক করে থাকেন। আমরাও আপনাকে পরকালের মহাবিপদ থেকে সতর্ক করছি। কেননা কোন মানুষ যদি ঈমান ছাড়া মৃত্যুবরণ করে, তাহলে সে চিরস্থায়ী জাহান্নামের অধিবাসী হবে। যেখান থেকে আর কোনদিন মুক্তি পাবে না। আর না কোনদিন মৃত্যু হবে।   প্রিয় ভাই আমার!  দেখুন স্বয়ং নবীজি সা. এর চাচা আবু তালেব আমাদের প্রিয় নবীজিকে মৃত্যু পর্যন্ত সার্বিকভাবে সাহায্য সহায়তা করেছিলেন। কিন্তু ঈমান গ্রহণ না করে মারা যাওয়ার কারণে চিরস্থায়ী জাহান্নামের অধিবাসী হয়ে গিয়েছে। যেমনটা নবীজি সাল্লাল্লাহু আলাইহি ওয়াসাল্লাম স্পষ্টভাবে বলে দিয়েছেন।আর নবীজির কথা চিরসত্য। এতে কোন সন্দেহ নেই।    প্রিয় পিনাকী ভাই!  আমি জানিনা আমার এই লেখা আপনার কাছে পৌঁছবে কিনা!?   তবে যদি পৌঁছে থাকে, তাহলে বলে রাখি;  আমি আপনাকে কোনদিন দেখিনি, আপনাকে চিনিও না। কিন্তু আপনি সবসময় নির্যাতিত নিপীড়িত মজলুম মানুষের পক্ষে কথা বলে মানবতার হক আদায় করে যাচ্ছেন। তাই আপনাকে ইসলামের দাওয়াত না দেওয়াটা হবে এক বড় অমানবিক আচরণ। তাই আপনার রক্তের ভাই হিসেবে আমি আপনাকে পরকালের অনন্ত অসীম সময়ের আগুন থেকে বাঁচানোর জন্য একমাত্র মুক্তির পথ ইসলামের দিকে আহবান করছি। আমি বিশ্বাস করি আমার এই মেসেজ যদি আপনার কাছে নাও পৌঁছে, তবুও আপনি একদিন ইসলামে দাখিল হবেন ইনশাআল্লাহ।    আল্লাহ তাআলা আপনাকে গাইড করে আপনার নিজ ধর্ম ইসলামে ফিরে আসার তৌফীক দান করেন।  আমীন ইয়া রব   আমীন ইয়া হাদী   আমীন ইয়া রহীম 
3771	মুক্তিযুদ্ধের গালভরা  ভূঁয়া গল্প দিয়া  মজা মারে ফজলু ওরফে ফজা মিঁয়া 
3772	মুক্তিযুদ্ধের গালভরা  ভূঁয়া গল্প দিয়া  মজা মারে ফজলু ওরফে ফজা মিঁয়া 
3773	ধন্যবাদ দাদাকে
3774	আসলে ভুয়া মুক্তিযুদ্ধা
3775	ফজু পাগল কে দেখলে কাদের কাকার মত মনে হয়
3776	ইনকিলাব জিন্দাবাদ
3777	পৃথিবীতে সবচেয়ে  বোকা মানুষ হলো সে যে নিজে নিজের প্রশংসা করে ফজলু রাজাকার কত বড়ো   বিএনপির বল্টু ছিলো
3778	শ্লার ব্যাটা তুই নিজেই তো একটা বিশ্ব বাটপার। তোর মধ্যে কত দেশ প্রেম তা বুঝি।  দালাল কোথাকার। এগুলো খুবই দুর্বল যুক্তি। ইতিহাস কম পড়ি নাই।  দেশের মানুষকে আর বোকা বানানো যাবে না। আর যারা তোরে নবী মানে তারাই তোরে দুইদিন পর পা দিয়ে কচলাইয়া মারবে। বাঙ্গালী এক টপিকের গান বেশিদিন শুনে না। শোন দুই তিনটা জেনারেশন আজকে ধ্বংসের দারপ্রান্তে এরজন্য তুই দায়ী।  দেশ তো এখন তোর কথায় চলে দেশে আসছিস না কেন?
3779	এতো মিথ্যা কথা কি ভাবে বলতে পারে ভাবতে অবাক লাগে 
3780	বালছাল  @ ১৯৭১ সাল হতে কাটা হচ্ছে না ৷ প্রচুর উকুন হয়েছে #  বয়স ৬২
3781	১২:০০ না হেসে পারলাম না। অসাধারণ
3782	ওই যে মিথ্যা বলতেছে, এটা বুঝার জন্য বোদ্ধা হওয়ার প্রয়োজন নেই। একটা মিথ্যেবাদী বাটপার, জাউরার জাউরা
3783	ফজা পাগলাকে পাবনা পাঠানো হোক।
3784	কনক সরোয়ার ১০০% দেশপ্রেমিক
3785	ইলিয়াস হোসেন ১০০% দেশপ্রেমিক।
3786	পিনাকী দাদা ১০০% দেশপ্রেমিক।
3787	গার মেরে দিল দাদা
3788	ভোঁয়া মুক্তিযুদ্ধার তালিকায় প্রথম স্থানে আসীন ফজু পাগলা। মিথ্যা বলার জন্য ও জ্ঞান লাগে। এই ফজু পাগলার তা-ও নাই!!  এরাই কি মুজিব বাহিনীর গুরুত্বপূর্ণ সদস্য?  সীলং বসে ফায়ার করে, হানাদার বাহিনী মুক্ত বাংলাদেশের স্বপ্ন দেখে!!
3789	আমরা সাধারণ জনগণের দাবি ফজা পাগলার মত ভুয়া মুক্তিযোদ্ধা আরো  অনেক আছে প্রত্যেকের চেহারা উন্মোচন করুন জাতির সামনে। স্যালুট পিনাকি দাদাকে 
3790	ফজু পাগলা ধরা খাইসে
3791	মুক্তিযুদ্ধের ভুয়া ব্যবসায়ী ফজু পাগল
3792	ফজা পাগলা যখন খেই হারিয়ে দেশের রাজনীতিতে অবাঞ্ছিত হলো ঠিক তখনই এই শয়তান "বেকাত্তোর টিপি" তাকে অত্যন্ত সন্মানিত করার প্রয়াস চালিয়েছে। 'সময় টিভি একাত্তর টিভি প্রথম আলো ডেইলি স্টার' এদের শয়তানি এখন সবাই ধরতে পারে,
3793	ফজা চোরা যে বাটপার আমি আগেই বুজছি।
3794	বাটপার মিথ্যাবাদী ফজু
3795	এবার পরিষ্কার বুঝা গেল পীনাকি একজন ইউটিউব ভিডিও ব্যাবসায়ী। পাবলিক কে কখন কোনটা বলে ব্রেইন ওয়াশ করতে পারবে সেটা ভালো বুঝে।  তার মতে বইয়ের ২- ৪ টা লাইনে মুক্তিযুদ্ধের সঠিক ইতিহাস রচনা করা যায়।  আরে পিনাকী বেগম  নিজের ব্যাবসার সুবিধার্থে ইতিহাস বিকৃত করে নিজের চরিত্র বিকৃত কইরেন না।     পিছনের ভিডিওতে কি বলেছিলেন আমাদের কাছে আছে কিন্তু।  আপনার কথা আপনার সাথেই মিলে না।
3796	পিনাকীদা আপনার ভিডিওর তীব্র নিন্দা জানাই, কারণ আপনি ফজল পাগলা রে সান্তনা নাম্বার দেন নাই।
3797	গাঁয়ে মানে না আপনে মোড়ল ফজা 
3798	চেতনা ব্যবসাহী
3799	এবার গুন্ডা কাদের সিদ্দিকীর গোমর ফাঁস করতে হবে
3800	এটা তড়াইল থানা না বরং তাড়াইল থানা।
3801	আপনার ভিডিও গুলো দেখার জন্য চেয়ে থাকি যখনি আসে আমি দেখতে পাই খুব মূল্যবান কথাগুলো পেশ করলেন আমাদেরকে বুঝানোর জন্য 
3802	8:40 ফজা পাগলা আসিতেছে 
3803	ফজা পাগলা পুরাটাই ভূয়া
3804	পিনাকির কথায় যুক্তি আছে আরো ভালো লাগতো পিনাকি যদি টোকাইয়ের বাচ্চা আসিফকে নিয়ে সত্যি প্রকাশ করতো। কিন্তু তা করবে না কারন পিনাকি আসিফের দ্বিতীয় জারজ পিতা
3805	সালের সেক্টর কমান্ডার বীর মুক্তিযোদ্ধা জিয়াউর রহমান সাহেবকে তুমি ভুয়া মুক্তিযোদ্ধা মনে করো তোমার মনের মত না হলে জিয়া রহমান ও ভুয়া মুক্তিযোদ্ধা হায়রে ডান্ডির বাচ্চা ডান্ডি
3806	দাদা ৩ টা জিনিস নিয়ে আপনার কথা বলা দরকার ১) মেট্ররেলের টাইমিং-যা এখানে 7:১০ এ আরম্ভ হয়, কিন্ত হওয়া উচিত ৬:৩০ বা তার আগে, ২) শব্দ দুষন এবং ৩) ট্রাফিক ম্যানেজমেন্ট,,, যেহেতু আপনার কথা সবাই শুনে, আপনি  একটু বললে খুব উপকার হয়, উপরন্ত এখানে কোন খরচের বিষয় নেই, শুধু মাত্র বুঝের অভাব, সচেতনতার অভাব
3807	ছোট বাচ্চাদের ছোটবেলার ঘুমানোর গল্প এটা, এটাই আমাদের সামনে ফ্ল্যাশ করেছে আমাদের চাচা কিন্তু বুঝি নাই ধরা খেয়ে যাবে
3808	আবু তাহের ঠাকুর 
3809	এই ফজা পাগলা সম্পূর্ণ ভুয়া মুক্তিযোদ্ধা রাস্তার পাশে ক্যানভাসারা যেভাবে চাপা পিডিয়ে মলম বিক্রি করে ঠিক সেভাবেই চাপা পিডিয়া সে ভুয়া মুক্তিযোদ্ধা হইছে 
3810	আবু তাহের আবার ঠাকুর কিভাবে হয় দাদা 
3811	রাজাকারদের সোনা তোমার মুখে গেছে না আকাটা 
3812	ফজূ মীয়া সিনেমার রেমবো কেউ হার মানিয়ে দিয়েছে
3813	ভুয়া যুদ্ধা ফজু।
3814	পাকবাহিনির হাতে যতো লোক মারা গেছে। তার চাইতে  বেশী লোক মারা গেছে মুক্তিযোদ্ধা  হাতে। ডাকাতির  ও নিজ সাথ‍্যে হত‍্যা করেছে মুক্তিযোদ্ধারা।
3815	তুই নিজেও বড় পাগলা পিঙ্কু
3816	পিনাকী তুমি স্বাধীনতা বিরোধী। চুপচাপ থাকো বেশি কথা বইলো না।
3817	দাদা হালারে এই ভাবে টুনিটানি হুদ্দ্যা পাছায় হান্দাইয়া দিলেন
3818	ভুয়া মুক্তিযুদ্ধারাই ফাঁকা আওয়াজ বেশি দেয়!
3819	ফজু পাগলা মিথ্যা বাদী
3820	পিনাকি দাদা এভাবে না বললেও হয় আর লজ্জা দিয়েন না অতিরিক্ত বলে ফেললে তুমি
3821	পাদু ফাগলা
3822	ইনকিলাব জিন্দাবাদ  ফজা পাগলা মুর্দাবাদ
3823	ভুয়া ফজা
3824	তুমি বাল ফেলাইছো
3825	দাদা আপনি পারেন ও বটে
3826	এই ফজা হারামি এত মিথ্যা কেমনে বলিশ
3827	ফজু পাগলাকে জয় বাংলা করে দিলেন।ধন্যবাদ দাদা
3828	এ অবস্থা
3829	খালি কলসি বাজে বেশি।
3830	পিনাকী দা ও ইলিয়াস ভাই, সব সময় দেখেছি আপনাদের বাংলাদেশিদের প্রতি ভারতীয়দের আগ্রাশন নিয়ে সোচ্চার হতে। কিন্তু এখন এই জিনিসটা তেমন দেখা যাচ্ছে না। ১) ভারত বিরোধী কথা বল্লেও সীমান্ত হত্যায় ভারতীয় কনস্যুলেট ঘেরাও বা শক্ত পদক্ষেপ নিতে দেখা যায় নাই। ২) পুশ ইন নিয়ে কথা বলছে না বা তেমন শক্ত পদক্ষেপ নিতে কোন উপদেশ মূলক কথা বলতে দেখছি না। ৩) বাংলাদেশের দুসময়ে ভারত সকল পন্য বন্ধ করে দেয়। কিন্তু ২৭ আগস্টের পর ভারতীয় পেয়াজ চাল আমদানিতে আপনাদের কোন বিরোধীতা দেখছি না। ৪) ভারতীয় গরু আমদানির গুঞ্জন শোনা যাচ্ছে। এটা নিয়ে কোন কথা বলছেন না। আপনারা বলেন হাসিনা দেশে আসছিল প্রতিশোধ নিতে। আপনারাও কি ভারত বিরোধীতার আওয়াজ তুলে সবার জনপ্রিয়তা পেয়ে এখন সেই ভারতের পক্ষেই কাজ করছেন? হাসিনার মত আমাদের উপর প্রতিশীধ নিচ্ছেন। তাহলে আপনারা কি ভারতের বি টিম হয়ে কাজ করছেন? যেখানে বাংলাদেশকে অস্থির করে ভারতকে সকল সুবিধা দেওয়ায় আপনাদের কাজ। একটা বারও শুনি নায় যে আপনারা বলছেন, ভারতের বর্ডার বন্ধের ঘোষণা দিলাম,সীমান্ত হত্যার প্রতিবাদে ভারতীয় কন্সুলেট বন্ধ করে দেন,বা বাংলাদেশে ভারতীয় ভিসা সেন্টার বন্ধ করে দিন। আপনারা আছেন,দেশের মানুষ কে কি ভুল করল সেগুলা নিয়ে একে অন্যের বিরুদ্ধে লাগাতে। যেমনটা ভারত চাচ্ছে। মানুষের কাছে এগুলা নিয়ে শুনতে খারাপ লাগছে। বা আমার মনেও সন্দেহ জাগছে। দয়া করে ক্লিয়ার করে দিবেন। আমি আপনাদের প্রতিপক্ষ বা সমালোচোক হওয়ার যোগ্যতা রাখি না। তবে আপনাদের উপর বিশ্বাস রাখতে ক্লিয়ার হওয়া প্রয়োজন। কারণ যে ভারত আওয়ামী লীগের জন্য সর্বোচ্চ দিয়ে আমাদের ক্ষতি করেছে। ২৭ আগস্টের পর সেই ভারতের পন্য বেশি বেশি কিনে তাদের কেন সহায়তা করছি। যে বুলেটে আমার ভাই মরছে। সেই বুলেট কিনতে কেন আমরা টাকা দিব? সীমান্ত আমদানি বন্ধ চাই।
3831	ফজা পাগলা মেশিন গান তোলা তো দূরের কথা জীবনে চোখে দেখছে কিনা সন্দেহ এ জে চাপা মারে এর কথা শুনলেই বোঝা যায় 
3832	ভূয়া এবং ভীষণ ধুর্ত ফজা পাগলা।
3833	আম পাতা জোরা জোরা  ফজা  পাগলার পুটকি ফাটা
3834	ফেইসবুকে শেয়ার করে রাখলাম ভবিষ্যতের জন্য।
3835	আপনারা সত্য বলেন না মিথ্যা বলেন তা গুগল অথবা পুরানো ইতিহাসের বই চেক করলে বুঝা যায়
3836	আপনারা আমাদেরকে যেভাবে প্রমাণ দিয়ে বুঝান এর মধ্যে 10 শতাংশ মাঝে মাঝে ভুল হতে পারে তাই বলে শতভাগ ভুল নয়
3837	রাজনীতিবিদরা ভাবছে আমরা সাধারণ জনগণ বোকা তারা আমাদেরকে যেভাবে পারে সেভাবেই বুঝায়
3838	তড়াইল না, হবে তাড়াইল 8:10
3839	বাংলাদেশের বেশিরভাগ ভুয়া মুক্তিযোদ্ধা, এই ফজু তো আরো ভুয়া মিথ্যাবাদী।
3840	দূর ভাই কী যাতা দেন আর মানুষকে উষ্কে দেন। বা'ট'পা'রি করে ভিউ বানিজ্য আর কত করবেন। মিথ্যা বলা বন্ধ করেন। হাসিনারে নিয়েই বলেন কিন্ত মুক্তিযোদ্ধাদের কেন আক্রমন করেন। আপনি হয়ত জানেনি না আপনার দল জামাতের লোক ছাড়া কেউ আপনার ভিডিও দেখেনা এখন। আমি একসময় দেখতাম কিন্ত এখন মিথ্যা অপ্রপ্রচারের জন্য দেখিনা, বহুজনরে জিগাইছি তারাও দেখেনা। ছোট ছোট পত্রিকার কাটছাট দুই এক লাইন নিয়ে সত্যকে মিথ্যা বানানো যায়না। পত্রিকা ত এখনো লিখেছিল হাসের মাংস খেতে নিয়মিত যান উপদেষ্টা আসিফ কিন্ত দেশের সবাই জানি কেন গেছিল। বাদ দেন এসব ভিউ ব্যবসা, দিনশেষে আগের মত ৪-৫ মিলিয়ন ত হবেই না শেষে ১০-২০ হাজারি হয়কিনা দেখেন। সঠিক প্রয়োজনীয় ভিডিও বানান। যাদের জন্য দেশে শান্তিতে চলি চাকুরী পাই ব্যবসা করি সেই ৭১ এর বীরদের নিয়ে কথা বলা বন্ধ করোন। জামাতের সাথ ছাড়ুন। জামাত শুধু গা'লিগা'লাজ জানে। নিজেই দেখবেন আমার কমেন্টেই নিচে অনেকেই হুমকি ও গালি দিবে। ইসলাম গা'লি হু'ম'কির ধর্ম নয়। জামাত শিবির মানেই আ'ত'ঙ্ক, এরা সব পারে। এদের ধর্ম আলাদা। মনে রাখবেন ইসলাম আর জামাত দুইটা দুই ধর্ম। জামাতের বইয়ে রাসূল (দ:) 'কে গুনাহগার বলা হয়েছে আহলে হাদীস ও আহলে কিতাবের মত। সুতরাং জামাত ধর্মে না গিয়ে মুসলিম ধর্মে আসুন। গা'লি'র ধর্ম জামাতে যাবেন না।
3841	না হেসে পারলাম  না এ-ই  বির জুদধা কে ফিলিস্তিন পাঠানো হোক এমন বির খুবই দরকার।
3842	ভুয়া মুক্তিযোদ্ধাদের মুক্তিযোদ্ধা ভাতা বাতিল করে। আহত জুলাই যোদ্ধাদের দেয়া হোক।
3843	দাদা মানেই এনার্জি।।সব ফজুর মোখশ খুলে দিতে হবে
3844	মুক্তিযোদ্ধা ব্যবসায়ী
3845	দাদা আমি আজ থেকে ২০ বছর আগে  হতে মুক্তি যোদ্ধাদের সঙ্গে কথা বলেছি একজনকেও যুদ্ধ  করেছি বলে আমাকে প্রমান দিতে পারেনি। তাহলে যুদ্ধটা করলো কে?
3846	মজা মারে ফজা ভাই জনগনের ঘুম কামাই
3847	ভাই আর যাই বলেন মুক্তিযুদ্ধকে অস্বীকার করবেন না!
3848	আহারে, শেষ সম্ভলও থাকলোনা
3849	হায় আল্লাহ, ফজা পাগলা তো নগদ মৌদানির পুত রাজাকার।  ফজলুসহ সকল মুক্তিযোদ্ধাদের সার্টিফিকেট আবার নতুন করে সংশোধন, পরিমার্মান ও পরিবর্তন করে নতুন নগদায়ন করার দাবি জানাচ্ছি  ফজলুর মত রাজাকাররা সারাদেশে মুক্তিযোদ্ধা দাবি করে এবং ভূয়া মুক্তিযোদ্ধা সার্টিফিকেট রাজনৈতিক আশ্রয়ে আদায় করে দেশকে ভারতের কলোনিতে পরিনত করে রেখেছে!!!  মুক্তিযুদ্ধের আসল দলিল ও আসল মুক্তিযোদ্ধার পরিচয় জাতির সামনে উপস্থাপনের দাবি জানাই।
3850	দাদার চমৎকার বিশ্লেষণ
3851	হাসিনা রিজাকারকে মুক্তিযোদ্ধা বানায় আর পিনাকী মুক্তিযোদ্ধাকে রাজাকার বানায়। দূইজনে খুব মিল। গন্তব্যে মিল হওয়া উচিৎ।
3852	যে ইতিহাস লিখেছেন তার বইয়ের রেফারেন্স দিয়ে কি মুক্তিযোদ্ধা  যাচাই করা যায়? মুক্তিযুদ্ধের ইতিহাস একেকজন একেকভাবে লিখে। পীনাকি ফালতু গল্প সাজিয়ে ইউটিউবের ব‍্যাবসা ভালো করতেছে।
3853	মুক্তিযোদ্ধা কে স্যালুট জানাই
3854	ফজা পাগলা। শিরোনাম টা অনেক অনেক সুন্দর হয়েছে। প্রিয় স্যার।।।
3855	অসাধারণ ডেলিভারি
3856	ভুয়া, ভুয়া পিংকি,,,,পাকিস্তানি বীজ,,,
3857	৭১ সালে কোন যুদ্ধই হয়নাই পাকিস্তানের মিলিটারীরা বাংলাদেশ দখল করছিলো খালি তোর মায়রে ধর্ষণ করার জন্য। শতশত মিলিটারির  ধর্ষণের ফলে পাকিবীজে তোর জন্ম এইটা বুঝার আর বাকি নাই 
3858	অসাধারণ ডেলিভারি
3859	ভুয়া মুক্তিযোদ্ধা এই লোকের মিথ্যা কথা বলাতে বিরাট পটু তাকে এবার  নোবেল পুরস্কার দেওয়া হোক।বিশ্বসেরা চাপাবাজ হিসেবে।
3860	ভুয়া মুক্তিযোদ্ধা
3861	ফজা পাগলার পুকটিতে বন্দুক এর  ঢুকিয়ে জিজ্ঞেস করেন আসলেই সে কি আসল মুক্তিযোদ্ধা।
3862	দাদাকে ধন্যবাদ, ফজা পাগলের চিকিৎসা হতেই হবে।
3863	শ্রদ্ধেয় পিনাকী ভট্টাচার্য মহাশয়,  আপনি চোখ খুলে দিয়েছেন বাংলার মানুষের! আপনি দেখিয়েছেন— আমাদের শত্রু ভারত! আমাদের প্রাণের ভাই পাকিস্তান!  বাংলা আজ আপনার প্রতি কৃতজ্ঞ। না ইউনূস, না তারেক, না আওয়ামী লীগ— আমাদের একটাই দাবি— বাংলার প্রধানমন্ত্রী চাই পিনাকী ভট্টাচার্য!  জয় বাংলা নয়—জাগো বাংলা!  আপনার প্রতি কৃতজ্ঞ, একজন বাংলার সন্তান।
3864	পিনাকির।দাদা।।আদাব।।।দাদা।।দেখেন।নি।।বিদেশী।ছাত্রীর।লাকিছ।।কাঁকন।ইযারপুট।কাটিয়া।নেয়।সরকারি।চাকরী।জিবিরা।।লাকিছ।কাঁকন।।ডাকাতি।করে।আপনি।কিছুবলেন
3865	ফজাপাগলা কে অনেক বড় নেতা মনে করতাম,কিন্তু শালা যে এতো বড় মিথ্যুক মুজিবের মতো বাঘারম্বর করে মানুষের কাছে বড়ত্ব দেখায় এটা মানুষের কাছে পরিস্কার হয়ে গেছে।
3866	ফজু যে একটা পাগল তা তার টক শো গুলা দেখলেই বুঝা যায়। ওর মাল সবসময় মাথায় উইঠা থাকে, এই জন্যই সে বিএনপির হাই কমান্ডের কাছ থেকে শোকজ খাইছে।
3867	ভারতীয় হিন্দুত্ববাদী সন্ত্রাসী দেশদ্রোহী লীগ বাহিনী হটাও বাংলাদেশের সার্বভৌমত্ব বাঁচাও 
3868	একেবারে ভরে দিলেন
3869	হা 
3870	ও একটা মিত্তা বাদ্দী
3871	বাটপার
3872	ভুয়া মুক্তিচোদন,ফজা পাগলা।
3873	আমিও ভাবতাম এরাকম একটা লোক কখনো মুক্তি যোদ্ধা হতে পারে না  আজকের শিওর হলাম
3874	চুক্তি যোদ্ধ চিল
3875	শালার  কি কাওয়া কাদেরের সাথে সম্পর্ক আছে  নাকি?
3876	মামা ভুল বলছেন, পরিক্ষায় যাওয়ার আগে "আলু" না, "ডাইল আর ডিম" খাইলে ০০ পাওয়া যায়। 
